year,province,gdp,per_gdp,fgdp,sgdp,tgdp,industry_add,architecture_add,bank_add
2000,上海,4771.17,29671.0,76.68,2207.63,2486.86,1998.96,208.67,602.95
2000,云南,2011.19,4769.0,431.8,833.25,746.14,704.0,129.25,79.04
2000,内蒙,1539.12,6502.0,350.8,582.57,605.74,484.19,98.38,39.92
2000,北京,3161.66,24122.0,79.25,1033.29,2049.12,844.01,189.28,425.19
2000,吉林,1951.51,7351.0,398.73,768.89,783.89,655.68,113.21,72.33
2000,四川,3928.2,4956.0,945.58,1433.11,1549.51,1154.46,278.65,153.05
2000,天津,1701.88,17353.0,73.69,863.83,764.36,785.96,77.87,58.44
2000,宁夏,295.02,5376.0,46.03,121.43,127.56,96.7,24.73,21.57
2000,安徽,2902.09,4779.0,741.77,1056.78,1103.54,885.1,171.68,76.54
2000,山东,8337.47,9326.0,1268.57,4164.45,2904.45,3665.74,498.71,314.25
2000,山西,1845.72,5722.0,179.86,858.37,807.49,748.65,109.72,127.74
2000,广东,10741.25,12736.0,986.32,4999.51,4755.42,4463.06,536.45,443.69
2000,广西,2080.04,4652.0,557.38,732.76,789.9,612.33,120.43,21.39
2000,新疆,1363.56,7372.0,288.18,537.58,537.8,418.63,118.95,41.94
2000,江苏,8553.69,11765.0,1048.34,4435.89,3069.46,3848.52,587.37,349.49
2000,江西,2003.07,4851.0,485.14,700.76,817.17,543.88,156.88,92.97
2000,河北,5043.96,7592.0,824.55,2514.96,1704.45,2201.73,313.23,183.77
2000,河南,5052.99,5450.0,1161.58,2294.15,1597.26,2000.04,294.11,144.81
2000,浙江,6141.03,13416.0,630.98,3273.93,2236.12,2945.7,328.23,221.73
2000,海南,526.82,6798.0,192.0,103.97,230.85,70.46,33.51,9.27
2000,湖北,3545.39,6293.0,662.3,1437.38,1445.71,1243.24,194.14,81.49
2000,湖南,3551.49,5425.0,784.92,1293.18,1473.39,1094.76,198.42,88.88
2000,甘肃,1052.88,4129.0,194.1,421.65,437.13,327.6,94.04,42.84
2000,福建,3764.54,11194.0,640.57,1628.45,1495.52,1422.34,206.11,118.85
2000,西藏,117.8,4572.0,36.39,27.05,54.37,10.17,16.88,2.48
2000,贵州,1029.92,2759.0,271.2,391.2,367.52,328.73,62.47,36.07
2000,辽宁,4669.06,11177.0,503.44,2344.4,1821.22,2114.89,229.51,127.91
2000,重庆,1791.0,5616.0,284.87,760.03,746.1,633.98,126.05,118.53
2000,陕西,1804.0,4968.0,258.22,782.58,763.2,629.88,152.7,50.27
2000,青海,263.68,5138.0,40.12,108.83,114.73,78.8,30.03,16.98
2000,黑龙,3151.4,8294.0,383.15,1731.7,1036.55,1566.4,165.3,30.9
2001,上海,5210.12,32201.0,78.0,2403.18,2728.94,2166.74,236.44,529.26
2001,云南,2138.31,5015.0,444.42,868.06,825.83,730.81,137.25,86.25
2001,内蒙,1713.81,7216.0,358.89,655.68,699.24,541.02,114.66,43.99
2001,北京,3707.96,26998.0,80.78,1142.35,2484.83,938.81,203.54,487.54
2001,吉林,2120.35,7893.0,409.1,852.51,858.74,724.73,127.78,79.5
2001,四川,4293.49,5376.0,981.67,1572.01,1739.81,1253.19,318.82,168.86
2001,天津,1919.09,19141.0,78.73,959.06,881.3,869.15,89.91,66.52
2001,宁夏,337.44,6039.0,49.67,135.89,151.89,106.82,29.06,21.37
2001,安徽,3246.71,5313.0,760.77,1254.88,1231.06,1062.0,192.88,78.83
2001,山东,9195.04,10195.0,1359.49,4556.01,3279.53,4004.09,551.92,318.34
2001,山西,2029.53,6226.0,171.09,956.01,902.43,832.45,123.56,139.24
2001,广东,12039.25,13849.0,988.84,5506.06,5544.35,4941.2,564.86,450.81
2001,广西,2279.34,5058.0,576.34,771.18,931.82,639.55,131.64,27.4
2001,新疆,1491.6,7945.0,288.12,573.91,629.57,445.6,128.31,48.53
2001,江苏,9456.84,12882.0,1094.48,4907.46,3454.9,4270.9,636.56,353.41
2001,江西,2175.68,5221.0,506.0,786.12,883.56,603.23,182.89,82.02
2001,河北,5516.76,8251.0,913.82,2696.63,1906.31,2378.04,318.59,167.29
2001,河南,5533.01,5959.0,1234.34,2510.45,1788.22,2182.78,327.67,150.78
2001,浙江,6898.34,14713.0,659.78,3572.88,2665.68,3181.94,390.94,260.36
2001,海南,579.17,7052.0,196.78,133.84,248.56,97.86,35.98,9.75
2001,湖北,3880.53,6867.0,692.17,1574.39,1613.97,1360.1,214.29,88.48
2001,湖南,3831.9,6120.0,825.73,1412.82,1593.35,1180.43,232.39,91.71
2001,甘肃,1125.37,4386.0,207.96,458.08,459.34,355.51,102.56,42.47
2001,福建,4072.85,11892.0,651.11,1803.5,1618.24,1586.48,217.02,124.84
2001,西藏,139.16,5324.0,37.54,31.97,69.65,10.88,21.09,3.26
2001,贵州,1133.27,3000.0,274.41,433.52,425.34,360.73,72.79,37.24
2001,辽宁,5033.08,12015.0,544.44,2440.55,2048.09,2190.12,250.43,131.32
2001,重庆,1976.86,6219.0,294.9,841.95,840.01,695.44,146.51,125.9
2001,陕西,2010.62,5506.0,263.63,878.82,868.17,706.62,172.2,58.16
2001,青海,300.13,5774.0,44.74,125.09,130.3,87.02,38.07,16.1
2001,黑龙,3390.1,8900.0,435.6,1773.3,1181.2,1592.0,181.3,31.3
2002,上海,5741.03,35329.0,79.68,2622.45,3038.9,2368.02,254.43,485.25
2002,云南,2312.82,5366.0,463.44,934.88,914.5,788.44,146.44,102.39
2002,内蒙,1940.94,8162.0,374.69,754.78,811.47,614.89,139.89,48.39
2002,北京,4315.0,30840.0,82.44,1249.99,2982.57,1021.16,228.83,561.91
2002,吉林,2348.54,8714.0,446.17,943.49,958.88,803.53,139.96,75.45
2002,四川,4725.01,5890.0,1047.95,1733.38,1943.68,1372.64,360.74,183.13
2002,天津,2150.76,21387.0,84.21,1069.08,997.47,968.44,100.64,76.86
2002,宁夏,377.16,6647.0,52.95,153.06,171.14,120.54,32.52,21.45
2002,安徽,3519.72,5736.0,783.66,1337.04,1399.02,1115.09,221.95,81.85
2002,山东,10275.5,11340.0,1390.0,5184.98,3700.52,4518.87,666.11,310.07
2002,山西,2324.8,7082.0,197.8,1134.31,992.69,991.44,142.87,124.1
2002,广东,13502.42,15361.0,1015.08,6143.4,6343.94,5548.41,594.99,454.65
2002,广西,2523.73,5558.0,601.99,846.89,1074.85,699.15,147.74,35.86
2002,新疆,1612.65,8457.0,305.0,603.15,704.5,463.59,139.56,52.18
2002,江苏,10606.85,14396.0,1110.44,5604.49,3891.92,4880.09,724.4,368.86
2002,江西,2450.48,5829.0,535.98,941.77,972.73,702.42,239.35,76.51
2002,河北,6018.28,8960.0,956.84,2911.69,2149.75,2580.89,330.8,179.6
2002,河南,6035.48,6487.0,1288.36,2768.75,1978.37,2412.18,356.57,158.77
2002,浙江,8003.67,16978.0,685.2,4090.48,3227.99,3640.84,449.64,347.53
2002,海南,642.73,7781.0,222.89,148.88,270.96,111.42,37.46,10.08
2002,湖北,4212.82,7437.0,707.0,1709.89,1795.93,1473.0,236.89,96.95
2002,湖南,4151.54,6734.0,847.25,1523.5,1780.79,1265.72,257.78,92.43
2002,甘肃,1232.03,4768.0,215.51,501.69,514.83,389.38,112.31,42.08
2002,福建,4467.55,12938.0,664.78,2036.97,1765.8,1808.95,228.02,138.28
2002,西藏,162.04,6117.0,39.75,32.72,89.56,11.65,21.07,2.81
2002,贵州,1243.43,3257.0,281.1,481.96,480.37,395.45,86.51,41.45
2002,辽宁,5458.22,13000.0,590.2,2609.85,2258.17,2331.95,277.9,137.18
2002,重庆,2232.86,7052.0,317.87,958.87,956.12,787.94,170.93,134.52
2002,陕西,2253.39,6145.0,282.21,1007.56,963.62,819.51,188.05,67.3
2002,青海,340.65,6478.0,47.31,144.51,148.83,97.48,47.03,16.75
2002,黑龙,3637.2,9541.0,474.2,1843.6,1319.4,1650.8,192.8,31.6
2003,上海,6694.23,39128.0,81.02,3209.02,3404.19,2941.24,267.78,517.97
2003,云南,2556.02,5871.0,494.6,1047.66,1013.76,882.08,165.58,105.48
2003,内蒙,2388.38,10039.0,420.1,967.49,1000.79,773.5,193.99,55.89
2003,北京,5007.21,34892.0,84.11,1487.15,3435.95,1224.48,262.67,635.56
2003,吉林,2662.08,9854.0,488.23,1098.37,1075.48,930.74,167.63,73.15
2003,四川,5333.09,6623.0,1128.61,2014.8,2189.68,1604.49,410.31,206.24
2003,天津,2578.03,25544.0,89.91,1337.31,1150.81,1217.88,119.43,112.79
2003,宁夏,445.36,7734.0,55.63,194.27,195.46,151.22,43.05,24.8
2003,安徽,3923.11,6375.0,749.4,1535.29,1638.42,1255.8,279.49,87.45
2003,山东,12078.15,13268.0,1480.67,6485.05,4112.43,5706.71,778.34,329.71
2003,山西,2855.23,8642.0,215.19,1463.38,1176.65,1291.94,171.44,118.48
2003,广东,15844.64,17795.0,1072.91,7592.78,7178.94,6886.97,705.81,534.28
2003,广西,2821.11,6169.0,658.78,984.08,1178.25,813.79,170.29,61.59
2003,新疆,1886.35,9828.0,412.9,719.54,753.91,563.57,155.97,64.92
2003,江苏,12442.87,16830.0,1162.45,6787.11,4493.31,6004.65,782.46,392.11
2003,江西,2807.41,6624.0,560.0,1204.33,1043.08,863.31,341.02,64.31
2003,河北,6921.29,10251.0,1064.05,3417.56,2439.68,3009.92,407.64,199.87
2003,河南,6867.7,7376.0,1198.7,3310.14,2358.86,2876.93,433.21,165.11
2003,浙江,9705.02,20444.0,717.85,5096.38,3890.79,4462.97,633.41,451.54
2003,海南,713.96,8592.0,244.29,175.82,293.85,132.26,43.56,10.68
2003,湖北,4757.45,8378.0,798.35,1956.02,2003.08,1682.16,273.86,107.31
2003,湖南,4659.99,7589.0,886.47,1777.74,1995.78,1484.98,292.76,99.35
2003,甘肃,1399.83,5429.0,237.91,572.02,589.91,448.23,123.78,42.31
2003,福建,4983.67,14333.0,692.94,2340.82,1949.91,2061.31,279.51,150.09
2003,西藏,185.09,6893.0,40.7,47.64,96.76,13.82,33.82,4.74
2003,贵州,1426.34,3701.0,298.69,569.37,558.28,473.38,95.99,48.01
2003,辽宁,6002.54,14270.0,615.8,2898.89,2487.85,2556.82,342.07,145.38
2003,重庆,2555.72,8091.0,339.06,1135.31,1081.35,933.75,201.56,147.04
2003,陕西,2587.72,7028.0,302.66,1221.17,1063.89,1006.92,214.25,77.87
2003,青海,390.2,7346.0,48.47,171.92,169.81,117.18,54.74,17.98
2003,黑龙,4057.4,10638.0,504.8,2084.7,1467.9,1874.8,209.9,32.2
2004,上海,8072.83,46338.0,83.45,3892.12,4097.26,3593.25,298.87,612.45
2004,云南,3081.91,7012.0,607.75,1281.63,1192.53,1066.41,215.22,118.4
2004,内蒙,3041.07,12767.0,522.8,1248.27,1270.0,1015.37,232.9,55.89
2004,北京,6033.21,41099.0,87.36,1853.58,4092.27,1554.73,298.85,713.79
2004,吉林,3122.01,11537.0,568.69,1329.68,1223.64,1143.95,185.73,77.17
2004,四川,6379.63,7895.0,1379.93,2489.4,2510.3,2013.8,475.6,236.5
2004,天津,3110.97,30575.0,105.28,1685.93,1319.76,1549.67,136.26,136.97
2004,宁夏,537.11,9199.0,65.33,244.05,227.73,197.55,46.5,27.92
2004,安徽,4759.3,7681.0,950.5,1844.9,1963.9,1488.9,356.0,94.1
2004,山东,15021.84,16413.0,1778.45,8478.69,4764.7,7576.12,902.57,343.37
2004,山西,3571.37,10742.0,276.3,1919.4,1375.67,1711.3,208.1,110.29
2004,广东,18864.62,20870.0,1248.59,9280.73,8335.3,8485.85,794.88,602.68
2004,广西,3433.5,7461.0,817.88,1253.7,1361.92,1044.8,208.9,74.0
2004,新疆,2209.09,11337.0,461.26,914.47,833.36,734.1,180.37,70.3
2004,江苏,15003.6,20223.0,1367.58,8437.99,5198.03,7514.39,923.6,440.5
2004,江西,3456.7,8097.0,664.5,1566.4,1225.8,1140.0,426.4,65.1
2004,河北,8477.63,12487.0,1370.43,4301.73,2805.47,3812.31,489.42,209.1
2004,河南,8553.79,9201.0,1649.29,4182.1,2722.4,3644.4,537.7,170.82
2004,浙江,11648.7,24352.0,814.1,6250.38,4584.22,5491.33,759.05,523.49
2004,海南,819.66,9812.0,278.76,205.6,335.3,151.56,54.04,11.56
2004,湖北,5633.24,9898.0,1020.09,2320.6,2292.55,1987.5,333.1,118.85
2004,湖南,5641.94,9165.0,1022.45,2190.54,2428.95,1824.11,366.43,118.64
2004,甘肃,1688.49,6566.0,286.78,713.3,688.41,574.0,139.3,42.99
2004,福建,5763.35,16469.0,786.84,2770.49,2206.02,2438.62,331.87,171.0
2004,西藏,220.34,8103.0,44.3,52.74,123.3,16.1,36.64,5.4
2004,贵州,1677.8,4317.0,334.5,681.5,661.8,577.4,104.1,60.3
2004,辽宁,6672.0,15835.0,798.43,3061.62,2811.95,2680.41,381.21,188.04
2004,重庆,3034.58,9624.0,428.05,1376.91,1229.62,1132.7,244.21,162.38
2004,陕西,3175.58,8587.0,387.88,1553.1,1234.6,1306.5,246.6,90.1
2004,青海,466.1,8693.0,60.7,211.7,193.7,153.5,58.2,19.0
2004,黑龙,4750.6,12449.0,605.79,2487.04,1657.77,2242.32,244.72,32.2
2005,上海,9247.66,51474.0,90.26,4381.2,4776.2,4036.85,344.35,675.12
2005,云南,3462.73,7835.0,661.69,1426.42,1374.62,1168.68,257.74,130.5
2005,内蒙,3905.03,16331.0,589.56,1773.21,1542.26,1477.88,295.33,72.52
2005,北京,6969.52,45444.0,88.68,2026.51,4854.33,1707.04,319.47,840.2
2005,吉林,3620.27,13348.0,625.61,1580.83,1413.83,1363.94,216.89,83.63
2005,四川,7385.1,9060.0,1481.14,3067.23,2836.73,2527.08,540.15,262.26
2005,天津,3905.64,35783.0,112.38,2135.07,1658.19,1957.95,177.12,147.4
2005,宁夏,612.61,10239.0,72.07,281.05,259.49,228.37,52.68,32.25
2005,安徽,5350.17,8670.0,966.5,2245.9,2137.77,1837.36,408.54,127.05
2005,山东,18366.87,20096.0,1963.51,10478.62,5924.74,9418.58,1060.04,448.36
2005,山西,4230.53,12495.0,262.42,2357.04,1611.07,2117.68,239.36,135.07
2005,广东,22557.37,24435.0,1428.27,11356.6,9772.5,10489.73,866.87,661.81
2005,广西,3984.1,8788.0,912.5,1510.68,1560.92,1264.84,245.84,91.93
2005,新疆,2604.19,13108.0,509.99,1164.79,929.41,961.61,203.18,80.34
2005,江苏,18598.69,24560.0,1461.51,10524.96,6612.22,9440.18,1084.78,492.4
2005,江西,4056.76,9440.0,727.37,1917.47,1411.92,1455.5,461.97,69.55
2005,河北,10012.11,14782.0,1400.0,5271.57,3340.54,4704.28,567.29,213.47
2005,河南,10587.42,11346.0,1892.01,5514.14,3181.27,4896.01,618.13,181.74
2005,浙江,13417.68,27703.0,892.83,7164.75,5360.1,6344.71,820.04,686.32
2005,海南,918.75,10871.0,300.75,240.83,377.17,176.92,63.91,13.16
2005,湖北,6590.19,11431.0,1082.13,2852.12,2655.94,2478.66,373.46,127.32
2005,湖南,6596.1,10426.0,1100.65,2612.57,2882.88,2195.33,417.24,162.37
2005,甘肃,1933.98,7477.0,308.06,838.56,787.36,685.8,152.76,44.73
2005,福建,6554.69,18646.0,827.36,3175.92,2551.41,2801.88,374.05,186.12
2005,西藏,248.8,9114.0,48.04,63.52,137.24,17.48,46.04,7.57
2005,贵州,2005.42,5052.0,368.94,821.16,815.32,707.35,113.81,73.67
2005,辽宁,8047.26,18983.0,882.41,3869.4,3295.45,3401.8,467.6,232.85
2005,重庆,3467.72,10982.0,463.4,1564.0,1440.32,1293.81,270.19,185.18
2005,陕西,3933.72,9899.0,435.77,1951.36,1546.59,1650.63,300.73,127.58
2005,青海,543.32,10045.0,65.34,264.61,213.37,203.94,60.67,20.36
2005,黑龙,5513.7,14434.0,684.6,2971.68,1857.42,2696.3,275.38,35.03
2006,上海,10572.24,57310.0,93.81,4969.95,5508.48,4575.3,394.65,825.2
2006,云南,3988.14,8961.0,724.4,1705.83,1557.91,1401.57,304.26,143.62
2006,内蒙,4944.25,20047.0,634.94,2374.96,1934.35,2025.72,349.24,108.21
2006,北京,8117.78,49505.0,88.8,2191.43,5837.55,1821.86,369.57,982.37
2006,吉林,4275.12,15625.0,672.76,1915.29,1687.07,1659.29,256.0,100.75
2006,四川,8690.24,10546.0,1595.48,3775.14,3319.62,3144.67,630.47,299.5
2006,天津,4462.74,40961.0,103.35,2457.08,1902.31,2261.52,195.56,186.87
2006,宁夏,725.9,11784.0,79.54,351.58,294.78,287.55,64.03,36.99
2006,安徽,6112.5,10044.0,1011.03,2711.18,2390.29,2240.37,470.81,166.01
2006,山东,21900.19,23546.0,2138.9,12574.03,7187.26,11378.82,1195.21,524.94
2006,山西,4878.61,14106.0,276.77,2755.66,1846.18,2485.06,270.6,169.63
2006,广东,26587.76,28077.0,1532.17,13469.77,11585.82,12518.59,951.18,899.91
2006,广西,4746.16,10240.0,1032.47,1878.56,1835.12,1592.33,286.23,129.14
2006,新疆,3045.26,14871.0,527.8,1459.3,1058.16,1241.33,217.97,99.25
2006,江苏,21742.05,28685.0,1545.05,12282.89,7914.11,11097.64,1185.25,653.25
2006,江西,4820.53,10679.0,786.14,2419.74,1614.65,1905.15,514.59,79.75
2006,河北,11467.6,16894.0,1461.81,6110.43,3895.36,5485.96,624.47,284.04
2006,河南,12362.79,13279.0,1916.74,6724.61,3721.44,6031.21,693.4,219.72
2006,浙江,15718.47,31684.0,925.1,8511.51,6281.86,7585.47,926.04,906.37
2006,海南,1065.67,12650.0,323.48,308.62,433.57,238.31,70.31,16.37
2006,湖北,7617.47,13150.0,1140.41,3365.08,3111.98,2929.19,435.89,174.99
2006,湖南,7688.67,11830.0,1272.2,3187.05,3229.42,2707.61,479.44,204.72
2006,甘肃,2277.35,8749.0,334.0,1043.19,900.16,868.13,175.06,50.51
2006,福建,7583.85,21152.0,865.98,3695.04,3022.83,3230.49,464.56,243.9
2006,西藏,290.76,10396.0,50.9,80.1,159.76,21.71,58.39,6.44
2006,贵州,2338.98,5750.0,382.06,967.54,989.38,839.13,128.41,89.43
2006,辽宁,9304.52,21802.0,939.43,4566.83,3798.26,4017.02,549.81,303.41
2006,重庆,3907.23,12437.0,386.38,1871.65,1649.2,1566.83,304.82,213.7
2006,陕西,4743.61,11762.0,484.81,2452.44,1806.36,2094.02,358.42,152.25
2006,青海,648.5,11753.0,67.55,331.91,249.04,265.12,66.79,23.69
2006,黑龙,6211.8,16268.0,750.14,3365.31,2096.35,3049.04,316.27,74.17
2007,上海,12494.01,62041.0,101.84,5571.06,6821.11,5154.42,416.64,1209.08
2007,云南,4772.52,10609.0,837.35,2038.39,1896.78,1696.29,342.1,168.55
2007,内蒙,6423.18,26521.0,762.1,3193.67,2467.41,2781.78,411.89,148.3
2007,北京,9846.81,60096.0,101.26,2509.4,7236.15,2082.76,426.64,1302.77
2007,吉林,5284.69,19383.0,783.8,2475.45,2025.44,2170.74,304.71,126.03
2007,四川,10562.39,12963.0,2032.0,4648.79,3881.6,3921.41,727.38,359.11
2007,天津,5252.76,47970.0,110.19,2892.53,2250.04,2661.87,230.66,288.17
2007,宁夏,919.11,15142.0,97.89,455.04,366.18,376.71,78.33,51.05
2007,安徽,7360.92,12039.0,1200.18,3370.96,2789.78,2810.0,560.96,223.85
2007,山东,25776.91,27604.0,2509.14,14647.53,8620.24,13283.72,1363.81,734.9
2007,山西,6024.45,17805.0,311.97,3454.49,2257.99,3141.89,312.6,218.73
2007,广东,31777.01,33272.0,1695.57,16004.61,14076.83,14942.91,1061.7,1705.08
2007,广西,5823.41,12277.0,1241.35,2425.29,2156.76,2090.1,335.19,190.73
2007,新疆,3523.16,16999.0,628.72,1647.55,1246.89,1405.11,242.44,149.22
2007,江苏,26018.48,33837.0,1816.31,14471.26,9730.91,13105.24,1366.02,1054.25
2007,江西,5800.25,13322.0,905.77,2975.53,1918.95,2412.3,563.23,101.34
2007,河北,13607.32,19662.0,1804.72,7201.88,4600.72,6515.32,686.56,347.65
2007,河南,15012.46,16012.0,2217.66,8282.83,4511.97,7508.33,774.5,302.31
2007,浙江,18753.73,36676.0,986.02,10154.25,7613.46,9090.74,1063.51,1251.43
2007,海南,1254.17,14923.0,361.07,364.26,528.84,278.37,85.89,34.43
2007,湖北,9333.4,16386.0,1378.0,4143.06,3812.34,3588.0,555.06,337.27
2007,湖南,9439.6,14869.0,1626.48,3977.72,3835.4,3397.69,580.03,260.14
2007,甘肃,2703.98,10614.0,387.55,1279.32,1037.11,1063.84,215.48,61.6
2007,福建,9248.53,25582.0,1002.11,4476.42,3770.0,3896.76,579.66,385.84
2007,西藏,341.43,12083.0,54.89,98.48,188.06,27.62,70.86,11.51
2007,贵州,2884.11,7878.0,446.38,1124.79,1312.94,978.86,145.93,122.25
2007,辽宁,11164.3,26057.0,1133.42,5544.14,4486.74,4892.45,651.69,386.34
2007,重庆,4676.13,16629.0,482.39,2368.53,1825.21,2004.51,364.02,247.46
2007,陕西,5757.29,15546.0,592.63,2986.46,2178.2,2544.42,442.04,231.03
2007,青海,797.35,14507.0,83.41,419.03,294.91,344.52,74.51,27.67
2007,黑龙,7104.0,18580.0,915.38,3695.58,2493.04,3326.9,368.68,155.48
2008,上海,14069.86,66932.0,111.8,6085.84,7872.23,5576.79,509.05,1414.21
2008,云南,5692.12,12570.0,1020.56,2452.75,2218.81,2051.73,401.02,277.66
2008,内蒙,8496.2,34869.0,907.95,4376.19,3212.06,3879.42,496.77,219.09
2008,北京,11115.0,64491.0,112.83,2626.41,8375.76,2131.75,494.66,1519.19
2008,吉林,6426.1,23521.0,916.72,3097.12,2412.26,2688.37,408.75,147.24
2008,四川,12601.23,15495.0,2216.15,5823.39,4561.69,4956.13,867.26,411.14
2008,天津,6719.01,58656.0,122.58,3709.78,2886.65,3418.87,290.91,368.1
2008,宁夏,1203.92,19609.0,118.94,609.98,475.0,506.98,103.0,64.8
2008,安徽,8851.66,14448.0,1418.09,4198.93,3234.64,3505.67,693.26,313.81
2008,山东,30933.28,32936.0,3002.65,17571.98,10358.64,15894.95,1677.03,880.28
2008,山西,7315.4,21506.0,313.58,4242.36,2759.46,3868.54,373.82,290.91
2008,广东,36796.71,37638.0,1973.05,18502.2,16321.46,17304.79,1197.41,1972.4
2008,广西,7021.0,14652.0,1453.75,3037.74,2529.51,2627.39,410.35,249.01
2008,新疆,4183.21,19797.0,691.07,2070.76,1421.38,1755.35,315.41,171.97
2008,江苏,30981.98,40014.0,2100.11,16993.34,11888.53,15271.2,1722.14,1298.48
2008,江西,6971.05,15900.0,1060.38,3554.81,2355.86,2906.86,647.95,130.57
2008,河北,16011.97,22986.0,2034.59,8701.34,5276.04,7891.54,809.8,420.74
2008,河南,18018.53,19181.0,2658.78,10259.99,5099.76,9328.15,931.84,413.83
2008,浙江,21462.69,41405.0,1095.96,11567.42,8799.31,10328.72,1238.7,1653.45
2008,海南,1503.06,17691.0,436.04,423.55,643.47,308.89,114.66,47.33
2008,湖北,11328.92,19858.0,1780.0,5082.07,4466.85,4391.23,690.84,393.05
2008,湖南,11555.0,18147.0,1892.4,5028.93,4633.67,4310.12,718.81,334.32
2008,甘肃,3166.82,12421.0,462.27,1470.34,1234.21,1188.78,281.56,72.49
2008,福建,10823.01,29755.0,1158.17,5318.44,4346.4,4593.24,725.2,497.65
2008,西藏,394.85,13588.0,60.62,115.56,218.67,29.48,86.08,22.42
2008,贵州,3561.56,9855.0,539.19,1370.03,1652.34,1195.3,174.73,151.55
2008,辽宁,13668.58,31739.0,1302.02,7158.84,5207.72,6359.43,799.41,455.07
2008,重庆,5793.66,20490.0,575.4,3057.78,2160.48,2607.15,450.63,303.01
2008,陕西,7314.58,19700.0,753.72,3861.12,2699.74,3274.57,586.55,287.16
2008,青海,1018.62,18421.0,105.57,557.12,355.93,468.6,88.52,36.54
2008,黑龙,8314.37,21740.0,1088.94,4319.75,2905.68,3866.43,453.32,177.43
2009,上海,15046.45,69165.0,113.82,6001.78,8930.85,5408.75,593.03,1804.28
2009,云南,6169.75,13539.0,1067.6,2582.53,2519.62,2088.17,494.36,351.74
2009,内蒙,9740.25,39735.0,929.6,5114.0,3696.65,4503.33,610.67,291.1
2009,北京,12153.03,66940.0,118.29,2855.55,9179.19,2303.08,552.47,1603.63
2009,吉林,7278.75,26595.0,980.57,3541.92,2756.26,3054.6,487.32,180.83
2009,四川,14151.28,17339.0,2240.61,6711.87,5198.8,5678.24,1033.63,524.63
2009,天津,7521.85,62574.0,128.85,3987.84,3405.16,3622.11,365.73,461.2
2009,宁夏,1353.31,21777.0,127.25,662.32,563.74,520.38,141.94,75.54
2009,安徽,10062.82,16408.0,1495.45,4905.22,3662.15,4064.72,840.5,359.6
2009,山东,33896.65,35894.0,3226.64,18901.83,11768.18,16896.14,2005.69,1044.9
2009,山西,7358.31,21522.0,477.59,3993.8,2886.92,3518.88,474.92,361.64
2009,广东,39482.56,39436.0,2010.27,19419.7,18052.59,18091.56,1328.14,2283.29
2009,广西,7759.16,16045.0,1458.49,3381.54,2919.13,2863.84,517.7,336.82
2009,新疆,4277.05,19942.0,759.74,1929.59,1587.72,1555.84,373.75,198.87
2009,江苏,34457.3,44253.0,2261.86,18566.37,13629.07,16464.94,2101.43,1596.98
2009,江西,7655.18,17335.0,1098.66,3919.45,2637.07,3196.56,722.89,165.1
2009,河北,17235.48,24581.0,2207.34,8959.83,6068.31,7983.86,975.97,525.67
2009,河南,19480.46,20597.0,2769.05,11010.5,5700.91,9900.27,1110.23,499.92
2009,浙江,22990.35,43842.0,1163.08,11908.49,9918.78,10518.21,1390.28,1899.33
2009,海南,1654.21,19254.0,462.19,443.43,748.59,300.63,142.8,65.73
2009,湖北,12961.1,22677.0,1795.9,6038.08,5127.12,5183.68,854.4,479.11
2009,湖南,13059.69,20428.0,1969.69,5687.19,5402.81,4819.4,867.79,402.57
2009,甘肃,3387.56,13269.0,497.05,1527.24,1363.27,1203.7,323.54,88.27
2009,福建,12236.53,33437.0,1182.74,6005.3,5048.49,5106.38,898.92,612.2
2009,西藏,441.36,15008.0,63.88,136.63,240.85,33.11,103.52,23.17
2009,贵州,3912.68,10971.0,550.27,1476.62,1885.79,1252.67,223.95,194.44
2009,辽宁,15212.49,35149.0,1414.9,7906.34,5891.25,6925.63,980.71,560.2
2009,重庆,6530.01,22920.0,606.8,3448.77,2474.44,2917.4,531.37,389.97
2009,陕西,8169.8,21947.0,789.64,4236.42,3143.74,3501.25,735.17,336.21
2009,青海,1081.27,19454.0,107.4,575.33,398.54,470.33,105.0,45.63
2009,黑龙,8587.0,22447.0,1154.33,4060.72,3371.95,3549.73,510.99,227.54
2010,上海,17165.98,76074.0,114.15,7218.32,9833.51,6536.21,682.11,1950.96
2010,云南,7224.18,15752.0,1108.38,3223.49,2892.31,2604.07,619.42,375.08
2010,内蒙,11672.0,47347.0,1095.28,6367.69,4209.03,5618.4,749.29,346.44
2010,北京,14113.58,73856.0,124.36,3388.38,10600.84,2763.99,624.39,1863.61
2010,吉林,8667.58,31599.0,1050.15,4506.31,3111.12,3929.31,577.0,190.12
2010,四川,17185.48,21182.0,2482.89,8672.18,6030.41,7431.45,1240.73,654.7
2010,天津,9224.46,72994.0,145.58,4840.23,4238.65,4410.85,429.38,572.99
2010,宁夏,1689.65,26860.0,159.29,827.91,702.45,643.05,184.86,97.87
2010,安徽,12359.33,20888.0,1729.02,6436.62,4193.69,5407.4,1029.22,396.17
2010,山东,39169.92,41106.0,3588.28,21238.49,14343.14,18861.45,2377.04,1361.45
2010,山西,9200.86,26283.0,554.48,5234.0,3412.38,4657.97,576.03,448.3
2010,广东,46013.06,44736.0,2286.98,23014.53,20711.55,21462.72,1551.81,2658.76
2010,广西,9569.85,20219.0,1675.06,4511.68,3383.11,3860.46,651.22,384.53
2010,新疆,5437.47,25034.0,1078.63,2592.15,1766.69,2161.39,430.76,225.2
2010,江苏,41425.48,52840.0,2540.1,21753.93,17131.45,19277.65,2476.28,2105.92
2010,江西,9451.26,21253.0,1206.98,5122.88,3121.4,4286.76,836.12,241.49
2010,河北,20394.26,28668.0,2562.81,10707.68,7123.77,9554.03,1153.65,615.42
2010,河南,23092.36,24446.0,3258.09,13226.38,6607.89,11950.88,1275.5,697.68
2010,浙江,27722.31,51711.0,1360.56,14297.93,12063.82,12657.78,1640.15,2326.58
2010,海南,2064.5,23831.0,539.83,571.0,953.67,385.21,185.79,78.12
2010,湖北,15967.61,27906.0,2147.0,7767.24,6053.37,6726.53,1040.71,561.27
2010,湖南,16037.96,24719.0,2325.5,7343.19,6369.27,6305.11,1038.08,463.16
2010,甘肃,4120.75,16113.0,599.28,1984.97,1536.5,1602.87,382.1,100.54
2010,福建,14737.12,40025.0,1363.67,7522.83,5850.62,6397.71,1125.12,767.58
2010,西藏,507.46,17027.0,68.72,163.92,274.82,39.73,124.19,27.08
2010,贵州,4602.16,13119.0,625.03,1800.06,2177.07,1516.87,283.19,231.51
2010,辽宁,18457.27,42355.0,1631.08,9976.82,6849.37,8789.27,1187.55,639.27
2010,重庆,7925.58,27596.0,685.38,4359.12,2881.08,3697.83,661.29,496.56
2010,陕西,10123.48,27133.0,988.45,5446.1,3688.93,4558.97,887.13,384.75
2010,青海,1350.43,24115.0,134.92,744.63,470.88,613.65,130.98,54.53
2010,黑龙,10368.6,27076.0,1302.9,5025.15,4040.55,4429.31,595.84,304.59
2011,上海,19195.69,82560.0,124.94,7927.89,11142.86,7208.59,719.3,2277.4
2011,云南,8893.12,19265.0,1411.01,3780.32,3701.79,2994.3,786.02,456.23
2011,内蒙,14359.88,57974.0,1306.3,8037.69,5015.89,7101.6,936.09,447.46
2011,北京,16251.93,81658.0,136.27,3752.48,12363.18,3048.79,703.69,2215.41
2011,吉林,10568.83,38460.0,1277.44,5611.48,3679.91,4917.95,693.53,207.65
2011,四川,21026.68,26133.0,2983.51,11029.13,7014.04,9491.05,1538.08,868.15
2011,天津,11307.28,85213.0,159.72,5928.32,5219.24,5430.84,497.48,756.5
2011,宁夏,2102.21,33043.0,184.14,1056.15,861.92,816.79,239.36,134.18
2011,安徽,15300.65,25659.0,2015.31,8309.38,4975.96,7062.0,1247.38,503.85
2011,山东,45361.85,47335.0,3973.85,24017.11,17370.89,21275.89,2741.22,1640.41
2011,山西,11237.55,31357.0,641.42,6635.26,3960.87,5959.96,675.3,519.32
2011,广东,53210.28,50807.0,2665.2,26447.38,24097.7,24649.6,1797.78,2916.13
2011,广西,11720.87,25326.0,2047.23,5675.32,3998.33,4851.37,823.95,445.37
2011,新疆,6610.05,30087.0,1139.03,3225.9,2245.12,2700.2,525.7,288.77
2011,江苏,49110.27,62290.0,3064.78,25203.28,20842.21,22280.61,2922.67,2600.11
2011,江西,11702.82,26150.0,1391.07,6390.55,3921.2,5411.86,978.69,357.44
2011,河北,24515.76,33969.0,2905.73,13126.86,8483.17,11770.38,1356.48,746.01
2011,河南,26931.03,28661.0,3512.24,15427.08,7991.72,13949.32,1477.76,868.2
2011,浙江,32318.85,59249.0,1583.04,16555.58,14180.23,14683.03,1872.55,2730.29
2011,海南,2522.66,28898.0,659.23,714.5,1148.93,475.04,239.46,105.24
2011,湖北,19632.26,34197.0,2569.3,9815.94,7247.02,8538.04,1277.9,674.57
2011,湖南,19669.56,29880.0,2768.03,9361.99,7539.54,8122.75,1239.24,501.09
2011,甘肃,5020.37,19595.0,678.75,2377.83,1963.79,1923.95,453.88,145.05
2011,福建,17560.18,47377.0,1612.24,9069.2,6878.74,7675.09,1394.11,862.41
2011,西藏,605.83,20077.0,74.47,208.79,322.57,48.18,160.61,31.7
2011,贵州,5701.84,16413.0,726.22,2194.33,2781.29,1829.2,365.13,297.27
2011,辽宁,22226.7,50760.0,1915.57,12152.15,8158.98,10696.54,1455.61,755.57
2011,重庆,10011.37,34500.0,844.52,5543.04,3623.81,4690.46,852.58,704.66
2011,陕西,12512.3,33464.0,1220.9,6935.59,4355.81,5857.92,1077.67,432.11
2011,青海,1670.44,29522.0,155.08,975.18,540.18,811.73,163.45,62.56
2011,黑龙,12582.0,32819.0,1701.5,5962.41,4918.09,5234.64,727.77,370.78
2012,上海,20181.72,85373.0,127.8,7854.77,12199.15,7097.76,757.01,2450.36
2012,云南,10309.47,22195.0,1654.55,4419.2,4235.72,3450.72,968.48,541.18
2012,内蒙,15880.58,63886.0,1448.58,8801.5,5630.5,7735.78,1065.71,502.01
2012,北京,17879.4,87475.0,150.2,4059.27,13669.93,3294.32,764.95,2536.91
2012,吉林,11939.24,43415.0,1412.11,6376.77,4150.36,5582.48,794.29,244.63
2012,四川,23872.8,29608.0,3297.21,12333.28,8242.31,10550.53,1782.75,1303.56
2012,天津,12893.88,93173.0,171.6,6663.82,6058.46,6123.06,540.76,1001.59
2012,宁夏,2341.29,36394.0,199.4,1159.37,982.52,878.63,280.74,167.48
2012,安徽,17212.05,28792.0,2178.73,9404.84,5628.48,8025.84,1379.0,617.62
2012,山东,50013.24,51768.0,4281.7,25735.73,19995.81,22798.33,2937.4,1936.11
2012,山西,12112.83,33628.0,698.32,6731.56,4682.95,6023.55,708.01,639.61
2012,广东,57067.92,54095.0,2847.26,27700.97,26519.69,25810.07,1890.9,3171.96
2012,广西,13035.1,27952.0,2172.37,6247.43,4615.3,5279.26,968.17,573.05
2012,新疆,7505.31,33796.0,1320.57,3481.56,2703.18,2850.06,631.5,360.4
2012,江苏,54058.22,68347.0,3418.29,27121.95,23517.98,23908.47,3213.48,3136.51
2012,江西,12948.88,28800.0,1520.23,6942.59,4486.06,5828.2,1114.39,413.07
2012,河北,26575.01,36584.0,3186.66,14003.57,9384.78,12511.6,1491.97,913.66
2012,河南,29599.31,31499.0,3769.54,16672.2,9157.57,15017.56,1654.64,1013.6
2012,浙江,34665.33,63374.0,1667.88,17316.32,15681.13,15338.02,1978.3,2762.24
2012,海南,2855.54,32377.0,711.54,804.47,1339.53,521.15,283.32,130.69
2012,湖北,22250.45,38572.0,2848.77,11193.1,8208.58,9735.15,1457.95,870.36
2012,湖南,22154.23,33480.0,3004.21,10506.42,8643.6,9138.5,1367.92,579.76
2012,甘肃,5650.2,21978.0,780.5,2600.09,2269.61,2070.24,529.85,184.43
2012,福建,19701.78,52763.0,1776.71,10187.94,7737.13,8541.94,1646.0,1015.37
2012,西藏,701.03,22936.0,80.38,242.85,377.8,55.35,187.5,32.04
2012,贵州,6852.2,19710.0,891.91,2677.54,3282.75,2217.06,460.48,365.87
2012,辽宁,24846.43,56649.0,2155.82,13230.49,9460.12,11605.07,1625.42,969.37
2012,重庆,11409.6,38914.0,940.01,5975.18,4494.41,4981.01,994.17,915.65
2012,陕西,14453.68,38564.0,1370.16,8073.87,5009.65,6847.41,1226.46,551.2
2012,青海,1893.54,33181.0,176.91,1092.34,624.29,895.89,196.45,83.73
2012,黑龙,13691.58,35711.0,2113.66,6037.61,5540.31,5240.65,796.96,485.11
2013,上海,21818.15,90993.0,124.89,7907.81,13785.45,7139.18,791.08,2823.81
2013,云南,11832.31,25322.0,1860.8,4939.21,5032.3,3763.57,1182.14,725.9
2013,内蒙,16916.5,67836.0,1575.76,9104.08,6236.66,7944.4,1161.77,625.14
2013,北京,19800.81,94648.0,159.64,4292.56,15348.61,3566.43,831.55,2943.13
2013,吉林,13046.4,47428.0,1466.74,6871.96,4707.7,6059.28,840.75,399.54
2013,四川,26392.07,32617.0,3368.66,13472.05,9551.36,11540.86,2038.17,1712.77
2013,天津,14442.01,100105.0,186.96,7275.45,6979.6,6686.6,621.45,1235.91
2013,宁夏,2577.57,39613.0,210.81,1259.59,1107.17,933.12,327.11,206.34
2013,安徽,19229.34,32001.0,2267.15,10390.04,6572.14,8880.45,1524.11,912.77
2013,山东,55230.32,56885.0,4565.97,27442.85,23221.51,24265.31,3261.07,2383.43
2013,山西,12665.25,34984.0,741.01,6613.06,5311.18,5842.14,774.5,809.9
2013,广东,62474.79,58833.0,2977.13,28994.22,30503.44,26894.54,2161.1,4122.81
2013,广西,14449.9,30741.0,2290.64,6731.32,5427.94,5600.5,1134.24,777.6
2013,新疆,8443.84,37553.0,1434.83,3574.88,3434.13,2925.74,750.33,473.57
2013,江苏,59753.37,75354.0,3469.86,29086.08,27197.43,25503.86,3590.16,3958.79
2013,江西,14410.19,31930.0,1588.51,7713.02,5108.66,6452.41,1260.61,542.83
2013,河北,28442.95,38909.0,3381.98,14781.85,10279.12,13194.76,1600.15,1137.72
2013,河南,32191.3,34211.0,3972.7,16742.9,11475.7,14937.72,1881.23,1280.92
2013,浙江,37756.59,68805.0,1760.34,18047.52,17948.72,15837.2,2243.01,2795.13
2013,海南,3177.56,35663.0,736.03,797.39,1644.14,472.38,326.11,187.14
2013,湖北,24791.83,42826.0,3030.27,11786.64,9974.92,10139.24,1705.95,1179.55
2013,湖南,24621.67,36943.0,2990.31,11553.97,10077.39,10001.0,1564.93,758.9
2013,甘肃,6330.69,24539.0,844.69,2745.35,2740.65,2155.22,607.37,294.18
2013,福建,21868.49,58145.0,1874.23,11329.6,8664.66,9455.32,1895.48,1264.72
2013,西藏,815.67,26326.0,84.68,292.92,438.07,61.16,231.76,41.75
2013,贵州,8086.86,23151.0,998.47,3276.24,3812.15,2686.52,590.69,444.53
2013,辽宁,27213.22,61996.0,2216.15,13963.95,11033.12,12300.7,1806.97,1249.71
2013,重庆,12783.26,43223.0,1002.68,5812.29,5968.29,4632.15,1180.14,1080.14
2013,陕西,16205.45,43117.0,1460.97,8912.34,5832.14,7507.34,1452.79,738.52
2013,青海,2122.06,36875.0,204.72,1151.28,766.06,912.68,238.97,145.23
2013,黑龙,14454.91,37697.0,2474.12,5846.67,6134.12,5090.34,843.8,606.22
2014,上海,23567.7,97370.0,124.26,8167.71,15275.72,7362.84,831.86,3400.41
2014,云南,12814.59,27264.0,1990.07,5281.82,5542.7,3898.97,1389.66,860.98
2014,内蒙,17770.19,71046.0,1627.85,9119.79,7022.55,7904.4,1217.62,724.16
2014,北京,21330.83,99995.0,158.99,4544.8,16627.04,3746.77,902.66,3357.71
2014,吉林,13803.14,50160.0,1524.01,7286.59,4992.54,6424.88,891.4,464.96
2014,四川,28536.66,35128.0,3531.05,13962.41,11043.2,11851.99,2225.44,1828.09
2014,天津,15726.93,105231.0,199.9,7731.85,7795.18,7079.1,686.98,1422.28
2014,宁夏,2752.1,41834.0,216.99,1341.24,1193.87,973.53,368.37,230.16
2014,安徽,20848.75,34425.0,2392.39,11077.67,7378.68,9455.48,1638.32,1046.67
2014,山东,59426.59,60879.0,4798.36,28788.11,25840.12,25340.86,3534.48,2709.65
2014,山西,12761.49,35070.0,788.89,6293.91,5678.69,5471.01,826.95,897.26
2014,广东,67809.85,63469.0,3166.82,31419.75,33223.28,29144.15,2341.18,4447.43
2014,广西,15672.89,33090.0,2413.44,7324.96,5934.49,6065.34,1263.87,876.47
2014,新疆,9273.46,40648.0,1538.6,3948.96,3785.9,3179.6,867.54,536.94
2014,江苏,65088.32,81874.0,3634.33,30854.5,30599.49,26962.97,3899.47,4723.69
2014,江西,15714.63,34674.0,1683.72,8247.93,5782.98,6848.63,1399.59,739.7
2014,河北,29421.15,39984.0,3447.46,15012.85,10960.84,13330.66,1703.63,1347.58
2014,河南,34938.24,37072.0,4160.01,17816.56,12961.67,15809.09,2077.24,1509.2
2014,浙江,40173.03,73002.0,1777.18,19175.06,19220.79,16771.9,2467.1,2767.44
2014,海南,3500.72,38924.0,809.52,875.97,1815.23,514.4,362.77,210.63
2014,湖北,27379.22,47145.0,3176.89,12852.4,11349.93,10992.79,1925.09,1372.61
2014,湖南,27037.32,40271.0,3148.75,12482.06,11406.51,10749.88,1744.86,950.04
2014,甘肃,6836.82,26433.0,900.76,2926.45,3009.61,2263.2,681.34,364.84
2014,福建,24055.76,63472.0,2014.8,12515.36,9525.6,10426.71,2112.03,1449.82
2014,西藏,920.83,29252.0,91.64,336.84,492.35,66.16,270.68,55.58
2014,贵州,9266.39,26437.0,1280.45,3857.44,4128.5,3140.88,717.69,491.65
2014,辽宁,28626.58,65201.0,2285.75,14384.64,11956.19,12656.83,1875.69,1482.17
2014,重庆,14262.6,47850.0,1061.03,6529.06,6672.51,5175.8,1353.26,1225.27
2014,陕西,17689.94,46929.0,1564.94,9577.24,6547.76,7993.39,1645.65,948.93
2014,青海,2303.32,39671.0,215.93,1234.31,853.08,954.27,280.43,175.21
2014,黑龙,15039.38,39226.0,2611.36,5544.41,6883.61,4783.88,845.15,707.47
2015,上海,25123.45,103796.0,109.82,7991.0,17022.63,7162.33,855.22,4162.7
2015,云南,13619.17,28806.0,2055.78,5416.12,6147.27,3848.26,1574.77,981.85
2015,内蒙,17831.51,71101.0,1617.42,9000.58,7213.51,7739.18,1263.16,829.2
2015,北京,23014.59,106497.0,140.21,4542.64,18331.74,3710.88,961.86,3926.28
2015,吉林,14063.13,51086.0,1596.28,7005.71,5461.14,6112.05,927.06,565.27
2015,四川,30053.1,36775.0,3677.3,13248.08,13127.72,11039.08,2321.38,2202.23
2015,天津,16538.19,107960.0,208.82,7704.22,8625.15,6982.66,740.31,1603.23
2015,宁夏,2911.77,43805.0,237.76,1379.6,1294.41,979.72,399.98,256.38
2015,安徽,22005.63,35997.0,2456.69,10946.83,8602.11,9264.82,1698.92,1241.87
2015,山东,63002.33,64168.0,4979.08,29485.9,28537.35,25910.75,3664.86,2994.66
2015,山西,12766.49,34919.0,783.16,5194.27,6789.06,4359.6,847.22,1140.54
2015,广东,72812.55,67503.0,3345.54,32613.54,36853.47,30259.49,2441.85,5757.08
2015,广西,16803.12,35190.0,2565.45,7717.52,6520.15,6359.82,1358.56,1018.01
2015,新疆,9324.8,40036.0,1559.08,3596.4,4169.32,2740.71,959.03,563.8
2015,江苏,70116.38,87995.0,3986.05,32044.45,34085.88,27996.43,4055.42,5302.93
2015,江西,16723.78,36724.0,1772.98,8411.57,6539.23,6918.0,1493.77,897.65
2015,河北,29806.11,40255.0,3439.45,14386.87,11979.79,12626.17,1780.49,1480.92
2015,河南,37002.16,39123.0,4209.56,17917.37,14875.23,15823.33,2152.25,1991.11
2015,浙江,42886.49,77644.0,1832.91,19711.67,21341.91,17217.47,2558.38,2922.93
2015,海南,3702.76,40818.0,854.72,875.82,1972.22,485.85,390.41,242.82
2015,湖北,29550.19,50654.0,3309.84,13503.56,12736.79,11532.37,2039.88,1853.12
2015,湖南,28902.21,42754.0,3331.62,12810.82,12759.77,10945.81,1877.7,1104.18
2015,甘肃,6790.32,26165.0,954.09,2494.77,3341.46,1778.1,730.88,443.12
2015,福建,25979.82,67966.0,2118.1,13064.82,10796.9,10820.22,2268.86,1681.33
2015,西藏,1026.39,31999.0,98.04,376.19,552.16,69.88,306.31,68.05
2015,贵州,10502.56,29847.0,1640.61,4147.83,4714.12,3315.58,833.44,607.11
2015,辽宁,28669.02,65354.0,2384.03,13041.97,13243.02,11270.82,1881.32,1869.46
2015,重庆,15717.27,52321.0,1150.15,7069.37,7497.75,5557.52,1511.85,1410.18
2015,陕西,18021.86,47626.0,1597.63,9082.13,7342.1,7344.62,1780.85,1082.37
2015,青海,2417.05,41252.0,208.93,1207.31,1000.81,893.87,313.81,220.87
2015,黑龙,15083.67,39462.0,2633.5,4798.08,7652.09,4053.77,850.09,847.66
2016,上海,28178.65,116562.0,109.47,8406.28,19662.9,7555.34,879.81,4765.83
2016,云南,14788.42,31093.0,2195.11,5690.16,6903.15,3891.2,1806.22,1092.6
2016,内蒙,18128.1,72064.0,1637.39,8553.63,7937.08,7233.0,1322.5,992.14
2016,北京,25669.13,118198.0,129.79,4944.44,20594.9,4026.68,1025.5,4270.82
2016,吉林,14776.8,53868.0,1498.52,7004.95,6273.33,6070.07,960.87,659.55
2016,四川,32934.54,40003.0,3929.33,13448.92,15556.29,11058.79,2472.96,2729.45
2016,天津,17885.39,115053.0,220.22,7571.35,10093.82,6805.13,786.89,1793.57
2016,宁夏,3168.59,47194.0,241.6,1488.44,1438.55,1054.34,434.2,284.11
2016,安徽,24407.62,39561.0,2567.72,11821.58,10018.32,10076.94,1763.53,1447.02
2016,山东,68024.49,68733.0,4929.13,31343.67,31751.69,27588.7,3806.31,3364.56
2016,山西,13050.41,35532.0,784.78,5028.99,7236.64,4148.91,895.63,1207.35
2016,广东,80854.91,74016.0,3694.37,35109.66,42050.88,32650.89,2551.82,6127.05
2016,广西,18317.64,38027.0,2796.8,8273.66,7247.18,6816.64,1458.41,1136.85
2016,新疆,9649.7,40564.0,1648.97,3647.01,4353.72,2677.63,1049.93,573.7
2016,江苏,77388.28,96887.0,4077.18,34619.5,38691.6,30455.15,4173.66,6011.13
2016,江西,18499.0,40400.0,1904.53,8829.54,7764.93,7219.11,1610.91,1056.3
2016,河北,32070.45,43062.0,3492.81,15256.93,13320.71,13387.46,1885.27,1731.23
2016,河南,40471.79,42575.0,4286.21,19275.82,16909.76,17042.72,2292.04,2256.61
2016,浙江,47251.36,84916.0,1965.18,21194.61,24091.57,18655.12,2610.72,3050.61
2016,海南,4053.2,44347.0,948.35,905.95,2198.9,482.5,424.5,281.9
2016,湖北,32665.38,55665.0,3659.33,14654.38,14351.67,12536.39,2192.97,2318.87
2016,湖南,31551.37,46382.0,3578.37,13341.17,14631.83,11337.28,2016.59,1272.71
2016,甘肃,7200.37,27643.0,983.39,2515.56,3701.42,1757.53,776.35,507.02
2016,福建,28810.58,74707.0,2363.22,14093.47,12353.89,11698.36,2421.34,1866.17
2016,西藏,1151.41,35184.0,115.78,429.17,606.46,86.44,342.73,93.05
2016,贵州,11776.73,33246.0,1846.19,4669.53,5261.01,3715.64,955.44,689.4
2016,辽宁,22246.9,50791.0,2173.06,8606.54,11467.3,6818.32,1880.85,1829.22
2016,重庆,17740.59,58502.0,1303.24,7898.92,8538.43,6183.8,1715.12,1642.59
2016,陕西,19399.59,51015.0,1693.85,9490.72,8215.02,7598.0,1943.2,1181.54
2016,青海,2572.49,43531.0,221.19,1249.98,1101.32,901.68,348.67,245.81
2016,黑龙,15386.09,40432.0,2670.46,4400.69,8314.94,3647.14,874.23,900.84
2017,上海,30632.99,126634.0,110.78,9330.67,21191.54,8392.84,970.79,5330.54
2017,云南,16376.34,34221.0,2338.37,6204.97,7833.0,4089.37,2123.68,1194.67
2017,内蒙,16096.21,63764.0,1649.77,6399.68,8046.76,5109.0,1291.45,1099.85
2017,北京,28014.94,128994.0,120.42,5326.76,22567.76,4274.0,1140.76,4655.37
2017,吉林,14944.53,54838.0,1095.36,6998.51,6850.66,6057.29,964.14,709.64
2017,四川,36980.22,44651.0,4262.35,14328.13,18389.74,11576.16,2838.35,3203.27
2017,天津,18549.19,118944.0,168.96,7593.59,10786.64,6863.98,745.66,1951.75
2017,宁夏,3443.56,50765.0,250.62,1580.57,1612.37,1096.3,484.36,314.69
2017,安徽,27018.0,43401.0,2582.27,12838.28,11597.45,10916.31,1943.56,1663.59
2017,山东,72634.15,72807.0,4832.71,32942.84,34858.6,28705.69,4276.97,3651.56
2017,山西,15528.42,42060.0,719.16,6778.89,8030.37,5771.22,1019.84,1320.05
2017,广东,89705.23,80932.0,3611.44,38008.06,48085.73,35291.83,2818.82,6853.01
2017,广西,18523.26,38102.0,2878.3,7450.85,8194.11,5822.93,1635.69,1273.4
2017,新疆,10881.96,44941.0,1551.84,4330.89,4999.23,3254.18,1159.51,623.53
2017,江苏,85869.76,107150.0,4045.16,38654.87,43169.73,34013.6,4651.75,6783.87
2017,江西,20006.31,43424.0,1835.26,9627.98,8543.07,7789.59,1838.95,1107.12
2017,河北,34016.32,45387.0,3129.98,15846.21,15040.13,13757.84,2109.03,2053.44
2017,河南,44552.83,46674.0,4139.29,21105.52,19308.02,18452.06,2694.11,2509.19
2017,浙江,51768.26,92057.0,1933.92,22232.08,27602.26,19474.48,2845.48,3533.05
2017,海南,4462.54,48430.0,962.84,996.35,2503.35,528.28,470.01,308.94
2017,湖北,35478.09,60199.0,3528.96,15441.75,16507.38,13060.08,2459.68,2640.86
2017,湖南,33902.96,49558.0,2998.4,14145.49,16759.07,11879.94,2278.65,1610.31
2017,甘肃,7459.9,28497.0,859.75,2561.79,4038.36,1763.44,811.41,553.59
2017,福建,32182.09,82677.0,2215.13,15354.29,14612.67,12674.89,2707.82,2055.53
2017,西藏,1310.92,39267.0,122.72,513.65,674.55,102.16,411.49,110.2
2017,贵州,13540.83,37956.0,2032.27,5428.14,6080.42,4260.48,1169.47,787.88
2017,辽宁,23409.24,53527.0,1902.28,9199.8,12307.16,7302.41,1999.28,1964.58
2017,重庆,19424.73,63442.0,1276.09,8584.61,9564.03,6587.08,1997.53,1813.73
2017,陕西,21898.81,57266.0,1741.45,10882.88,9274.48,8691.79,2217.97,1300.1
2017,青海,2624.83,44047.0,238.41,1162.41,1224.01,777.56,384.85,274.6
2017,黑龙,15902.68,41916.0,2965.25,4060.6,8876.83,3332.59,852.78,932.35
2018,上海,36011.82,148744.0,104.78,10360.78,25546.26,,,
2018,云南,20880.63,43366.0,2498.67,7267.5,11114.46,,,
2018,内蒙,16140.76,63772.0,1750.67,6335.38,8054.7,,,
2018,北京,33105.97,153095.0,120.56,5477.35,27508.06,,,
2018,吉林,11253.81,41516.0,1160.71,4051.52,6041.58,,,
2018,四川,42902.1,51556.0,4427.43,16056.94,22417.73,,,
2018,天津,13362.92,85757.0,175.3,4835.3,8352.32,,,
2018,宁夏,3510.21,51248.0,279.39,1488.13,1742.69,,,
2018,安徽,34010.91,54078.0,2638.0,14094.44,17278.47,,,
2018,山东,66648.87,66472.0,4950.52,27523.67,34174.68,,,
2018,山西,15958.13,43010.0,740.75,7074.46,8142.92,,,
2018,广东,99945.22,88781.0,3836.4,41398.45,54710.37,,,
2018,广西,19627.81,40012.0,3021.09,6692.87,9913.85,,,
2018,新疆,12809.39,51950.0,1692.09,4657.16,6460.14,,,
2018,江苏,93207.55,115930.0,4141.71,42129.37,46936.47,,,
2018,江西,22716.51,49013.0,1877.33,10081.16,10758.02,,,
2018,河北,32494.61,43108.0,3338.59,12904.06,16251.96,,,
2018,河南,49935.9,52114.0,4311.12,22038.56,23586.21,,,
2018,浙江,58002.84,101813.0,1975.89,25308.13,30718.83,,,
2018,海南,4910.69,52801.0,985.96,1053.14,2871.59,,,
2018,湖北,42021.95,71109.0,3548.17,17573.87,20899.91,,,
2018,湖南,36329.68,52809.0,3084.18,13904.11,19341.39,,,
2018,甘肃,8104.07,30797.0,926.05,2761.64,4416.38,,,
2018,福建,38687.77,98542.0,2379.02,18847.75,17461.0,,,
2018,西藏,1548.39,45476.0,128.34,582.72,837.33,,,
2018,贵州,15353.21,42767.0,2156.02,5506.24,7690.95,,,
2018,辽宁,23510.54,53872.0,2020.56,9048.96,12441.02,,,
2018,重庆,21588.8,69901.0,1378.68,8842.23,11367.89,,,
2018,陕西,23941.88,62195.0,1830.19,11215.27,10896.42,,,
2018,青海,2748.0,45739.0,268.1,1093.72,1386.18,,,
2018,黑龙,12846.48,33977.0,3001.17,3535.97,6309.34,,,
2019,上海,,,,,,,,
2019,云南,,,,,,,,
2019,内蒙,,,,,,,,
2019,北京,,,,,,,,
2019,吉林,,,,,,,,
2019,四川,,,,,,,,
2019,天津,,,,,,,,
2019,宁夏,,,,,,,,
2019,安徽,,,,,,,,
2019,山东,,,,,,,,
2019,山西,,,,,,,,
2019,广东,,,,,,,,
2019,广西,,,,,,,,
2019,新疆,,,,,,,,
2019,江苏,,,,,,,,
2019,江西,,,,,,,,
2019,河北,,,,,,,,
2019,河南,,,,,,,,
2019,浙江,,,,,,,,
2019,海南,,,,,,,,
2019,湖北,,,,,,,,
2019,湖南,,,,,,,,
2019,甘肃,,,,,,,,
2019,福建,,,,,,,,
2019,西藏,,,,,,,,
2019,贵州,,,,,,,,
2019,辽宁,,,,,,,,
2019,重庆,,,,,,,,
2019,陕西,,,,,,,,
2019,青海,,,,,,,,
2019,黑龙,,,,,,,,
