year,province,dev_cnt,dev_domestic,dev_nation,dev_collectivity,dev_HMT,dev_foreign,total_investment,complete_investment,year_complete_investment,building_investment,equip_investment,other_investment,roadwork_area,complete_area,complete_rate,complete_price,complete_cost
2000,上海,2549.0,2264.0,571.0,298.0,201.0,84.0,,1916.68,566.17,,,,5523.23,1643.62,29.8,355.79,2164.64
2000,云南,329.0,301.0,128.0,12.0,21.0,7.0,,177.5,83.23,,,,959.02,426.05,44.4,55.69,1307.17
2000,内蒙,364.0,360.0,69.0,31.0,1.0,3.0,,61.53,45.22,,,,704.35,412.9,58.6,32.93,797.45
2000,北京,618.0,403.0,126.0,20.0,148.0,67.0,,2043.88,522.07,,,,4455.0,1365.6,30.7,266.25,1949.67
2000,吉林,271.0,250.0,82.0,10.0,9.0,12.0,,90.0,63.52,,,,781.14,464.81,59.5,45.03,968.67
2000,四川,1273.0,1190.0,220.0,152.0,56.0,27.0,,327.89,195.97,,,,3224.09,1285.33,39.9,95.5,743.03
2000,天津,695.0,634.0,189.0,59.0,38.0,23.0,,317.87,133.93,,,,1783.0,583.51,32.7,56.55,969.07
2000,宁夏,139.0,132.0,25.0,13.0,4.0,3.0,,19.45,15.57,,,,258.6,155.46,60.1,10.77,692.49
2000,安徽,988.0,901.0,291.0,118.0,65.0,22.0,,153.14,87.93,,,,1687.16,759.33,45.0,53.11,699.46
2000,山东,1297.0,1138.0,399.0,249.0,115.0,44.0,,471.27,223.29,,,,3551.06,1426.53,40.2,127.53,893.98
2000,山西,262.0,246.0,119.0,30.0,13.0,3.0,,80.45,39.46,,,,789.52,306.37,38.8,24.55,801.22
2000,广东,3792.0,3029.0,789.0,836.0,685.0,78.0,,2628.1,858.61,,,,9911.77,3161.64,31.9,511.47,1617.75
2000,广西,528.0,407.0,156.0,71.0,92.0,29.0,,132.82,38.67,,,,766.19,226.74,29.6,16.47,726.16
2000,新疆,209.0,195.0,50.0,11.0,11.0,3.0,,75.38,57.43,,,,771.86,330.11,42.8,32.92,997.24
2000,江苏,1930.0,1636.0,563.0,411.0,197.0,97.0,,644.03,358.72,,,,4268.45,2143.22,50.2,197.46,921.33
2000,江西,539.0,446.0,186.0,61.0,61.0,32.0,,70.65,42.37,,,,896.62,402.8,44.9,26.35,654.06
2000,河北,460.0,416.0,181.0,31.0,22.0,22.0,,190.64,108.39,,,,1670.0,771.31,46.2,69.38,899.47
2000,河南,1020.0,902.0,247.0,117.0,85.0,33.0,,178.86,77.88,,,,1657.53,597.46,36.0,40.59,679.39
2000,浙江,1750.0,1637.0,354.0,258.0,69.0,44.0,,733.09,362.18,,,,4612.54,1676.88,36.4,205.95,1228.15
2000,海南,97.0,68.0,22.0,8.0,15.0,14.0,,37.79,10.34,,,,138.66,36.01,26.0,5.46,1516.29
2000,湖北,1052.0,848.0,370.0,87.0,149.0,55.0,,375.36,134.63,,,,2102.86,843.55,40.1,69.23,820.74
2000,湖南,703.0,620.0,217.0,61.0,63.0,20.0,,141.67,74.83,,,,1318.39,577.55,43.8,41.42,717.14
2000,甘肃,387.0,343.0,110.0,57.0,21.0,23.0,,89.18,27.71,,,,478.49,187.13,39.1,18.96,1012.92
2000,福建,1777.0,1093.0,337.0,163.0,474.0,210.0,,587.47,207.37,,,,3422.88,1009.36,29.5,117.76,1166.63
2000,西藏,2.0,2.0,1.0,,,,,0.98,0.98,,,,7.31,6.66,91.1,0.45,669.11
2000,贵州,541.0,483.0,87.0,55.0,31.0,27.0,,93.85,46.58,,,,1014.89,349.17,34.4,25.14,720.02
2000,辽宁,1417.0,1235.0,282.0,120.0,109.0,73.0,,495.18,264.91,,,,3301.8,1618.95,49.0,150.75,931.16
2000,重庆,1339.0,1189.0,149.0,80.0,102.0,48.0,,333.37,139.63,,,,2833.42,849.42,30.0,76.76,903.68
2000,陕西,359.0,334.0,133.0,34.0,13.0,12.0,,166.72,78.89,,,,1337.09,585.27,43.8,46.85,800.56
2000,青海,177.0,170.0,18.0,7.0,4.0,3.0,,23.98,13.5,,,,218.64,74.26,34.0,7.41,997.76
2000,黑龙,439.0,405.0,170.0,32.0,25.0,9.0,,157.59,104.1,,,,1451.36,827.86,57.0,74.91,904.84
2001,上海,2588.0,2299.0,521.0,233.0,194.0,95.0,,2311.99,630.73,,,,5986.18,1791.36,29.9,379.42,2118.05
2001,云南,361.0,338.0,119.0,12.0,16.0,7.0,,201.42,87.98,,,,1080.41,366.02,33.9,40.97,1119.29
2001,内蒙,479.0,475.0,54.0,20.0,1.0,3.0,,83.73,65.67,,,,997.72,515.39,51.7,44.9,871.27
2001,北京,756.0,548.0,122.0,30.0,146.0,62.0,,2450.43,783.82,,,,5966.67,1707.35,28.6,315.84,1849.88
2001,吉林,351.0,329.0,79.0,10.0,16.0,6.0,,126.67,92.97,,,,1257.3,628.69,50.0,68.16,1084.16
2001,四川,1478.0,1395.0,179.0,138.0,60.0,23.0,,454.99,268.15,,,,4226.35,1843.91,43.6,144.21,782.07
2001,天津,689.0,644.0,151.0,53.0,26.0,19.0,,422.13,161.27,,,,1863.48,690.48,37.1,70.53,1021.5
2001,宁夏,151.0,144.0,27.0,12.0,3.0,4.0,,27.06,23.18,,,,327.55,190.7,58.2,14.67,769.49
2001,安徽,1112.0,1016.0,261.0,123.0,60.0,36.0,,194.45,110.99,,,,2013.68,957.02,47.5,65.84,687.93
2001,山东,1506.0,1332.0,402.0,271.0,128.0,46.0,,561.3,297.35,,,,4358.08,1727.49,39.6,161.35,934.0
2001,山西,525.0,498.0,163.0,34.0,18.0,9.0,,102.34,46.65,,,,815.57,374.11,45.9,34.26,915.81
2001,广东,3788.0,3005.0,655.0,713.0,702.0,81.0,,2930.65,972.34,,,,10906.53,3344.57,30.7,501.42,1499.21
2001,广西,532.0,435.0,136.0,71.0,72.0,25.0,,159.41,55.58,,,,938.39,331.27,35.3,25.5,769.68
2001,新疆,293.0,284.0,41.0,11.0,7.0,2.0,,141.04,97.92,,,,1433.54,633.25,44.2,59.43,938.52
2001,江苏,2022.0,1761.0,471.0,345.0,179.0,82.0,,762.93,414.36,,,,4858.47,2341.9,48.2,231.77,989.65
2001,江西,727.0,612.0,185.0,64.0,75.0,40.0,,110.97,63.52,,,,1152.76,546.24,47.4,35.18,644.05
2001,河北,483.0,445.0,161.0,16.0,22.0,16.0,,228.0,140.78,,,,2020.74,848.83,42.0,76.9,905.95
2001,河南,706.0,633.0,172.0,68.0,54.0,19.0,,225.43,102.84,,,,1976.84,644.4,32.6,45.74,709.84
2001,浙江,1922.0,1815.0,303.0,189.0,67.0,40.0,,1003.98,544.91,,,,6371.79,2053.89,32.2,255.52,1244.08
2001,海南,127.0,93.0,26.0,9.0,19.0,15.0,,56.55,17.11,,,,264.94,62.5,23.6,9.77,1563.27
2001,湖北,1067.0,874.0,325.0,78.0,144.0,49.0,,394.2,151.24,,,,2381.61,1049.46,44.1,102.56,977.28
2001,湖南,782.0,689.0,208.0,57.0,70.0,23.0,,202.07,107.41,,,,1584.62,648.86,40.9,56.05,863.77
2001,甘肃,364.0,333.0,95.0,49.0,15.0,16.0,,57.99,31.37,,,,541.28,222.56,41.1,21.11,948.42
2001,福建,1941.0,1163.0,301.0,134.0,570.0,208.0,,651.94,225.49,,,,3717.31,1280.79,34.5,142.62,1113.51
2001,西藏,7.0,7.0,2.0,,,,,1.6,1.5,,,,15.09,11.05,73.3,0.98,882.9
2001,贵州,610.0,567.0,75.0,40.0,26.0,17.0,,130.86,67.01,,,,1366.65,490.83,35.9,34.28,698.45
2001,辽宁,1546.0,1364.0,197.0,66.0,103.0,79.0,,675.47,323.09,,,,3971.51,1843.01,46.4,181.84,986.64
2001,重庆,1474.0,1319.0,133.0,69.0,118.0,37.0,,427.62,196.67,,,,3653.71,1020.63,27.9,87.15,853.91
2001,陕西,466.0,431.0,123.0,38.0,21.0,14.0,,251.87,99.78,,,,1326.74,580.99,43.8,56.6,974.17
2001,青海,216.0,209.0,23.0,6.0,4.0,3.0,,28.67,15.36,,,,267.58,105.99,39.6,9.21,869.19
2001,黑龙,483.0,452.0,152.0,32.0,23.0,8.0,,202.46,147.08,,,,1768.59,1013.82,57.3,95.67,943.68
2002,上海,2588.0,2308.0,420.0,184.0,197.0,83.0,,2530.78,748.89,,,,6857.0,1984.7,28.9,424.08,2137.0
2002,云南,355.0,336.0,89.0,8.0,14.0,5.0,,232.63,96.26,,,,1205.2,561.5,46.6,52.13,928.0
2002,内蒙,604.0,602.0,48.0,11.0,1.0,1.0,,104.49,74.53,,,,1085.7,583.4,53.7,51.73,887.0
2002,北京,958.0,718.0,126.0,35.0,168.0,72.0,,3030.59,989.41,,,,7510.7,2384.4,31.7,422.35,1771.0
2002,吉林,418.0,396.0,63.0,12.0,13.0,9.0,,163.46,116.77,,,,1463.9,755.9,51.6,86.83,1149.0
2002,四川,1646.0,1573.0,159.0,106.0,54.0,19.0,,591.1,344.38,,,,5272.0,2312.3,43.9,199.37,862.0
2002,天津,797.0,724.0,146.0,47.0,51.0,22.0,,467.72,175.84,,,,2135.6,746.4,35.0,72.5,971.0
2002,宁夏,176.0,172.0,15.0,10.0,2.0,2.0,,38.18,30.86,,,,451.5,219.6,48.7,19.62,893.0
2002,安徽,1220.0,1141.0,252.0,109.0,48.0,31.0,,281.05,146.49,,,,2403.5,1062.5,44.2,80.98,762.0
2002,山东,1759.0,1590.0,356.0,242.0,124.0,45.0,,709.43,391.16,,,,5247.3,2189.6,41.7,224.8,1027.0
2002,山西,621.0,591.0,157.0,33.0,20.0,10.0,,144.58,67.43,,,,994.2,447.0,45.0,49.25,1102.0
2002,广东,3806.0,3038.0,509.0,595.0,693.0,75.0,,3603.22,1115.25,,,,12024.9,3908.8,32.5,652.47,1669.0
2002,广西,577.0,470.0,126.0,53.0,88.0,19.0,,207.37,75.28,,,,1258.5,352.5,28.0,28.06,796.0
2002,新疆,335.0,326.0,31.0,5.0,6.0,3.0,,141.6,87.71,,,,1246.9,727.2,58.3,74.46,1024.0
2002,江苏,2122.0,1878.0,402.0,260.0,163.0,81.0,,913.13,544.13,,,,6115.8,2696.7,44.1,269.96,1001.0
2002,江西,814.0,707.0,152.0,53.0,72.0,35.0,,153.25,103.64,,,,1678.7,688.2,41.0,45.6,663.0
2002,河北,530.0,497.0,125.0,21.0,23.0,10.0,,273.85,175.04,,,,2140.8,839.0,39.2,88.81,1058.0
2002,河南,1107.0,1002.0,188.0,74.0,74.0,31.0,,314.01,138.36,,,,2484.0,892.3,35.9,67.83,760.0
2002,浙江,2044.0,1945.0,200.0,138.0,56.0,43.0,,1412.99,728.8,,,,8190.3,2660.6,32.5,355.4,1336.0
2002,海南,155.0,118.0,28.0,9.0,22.0,15.0,,48.0,20.11,,,,272.8,54.5,20.0,9.89,1816.0
2002,湖北,1077.0,918.0,251.0,57.0,104.0,55.0,,533.13,178.64,,,,2551.1,1072.4,42.0,110.35,1029.0
2002,湖南,942.0,824.0,199.0,48.0,86.0,32.0,,292.84,150.92,,,,2084.4,807.8,38.8,76.87,952.0
2002,甘肃,633.0,567.0,91.0,66.0,38.0,28.0,,71.28,37.71,,,,649.5,220.3,33.9,21.46,974.0
2002,福建,1774.0,1115.0,262.0,95.0,462.0,197.0,,697.39,248.99,,,,4114.6,1323.5,32.2,137.28,1037.0
2002,西藏,3.0,3.0,2.0,,,,,2.93,2.77,,,,19.1,16.2,84.8,2.47,1530.0
2002,贵州,974.0,909.0,86.0,53.0,51.0,14.0,,166.46,83.01,,,,1676.5,514.1,30.7,33.81,658.0
2002,辽宁,1635.0,1471.0,149.0,44.0,94.0,70.0,,808.62,388.31,,,,4754.1,1984.3,41.7,206.12,1039.0
2002,重庆,1559.0,1411.0,104.0,50.0,112.0,36.0,,551.94,245.91,,,,4415.0,1390.7,31.5,126.83,912.0
2002,陕西,509.0,479.0,115.0,40.0,20.0,10.0,,267.97,123.57,,,,1868.6,642.1,34.4,62.36,971.0
2002,青海,274.0,263.0,22.0,6.0,5.0,6.0,,34.56,16.92,,,,342.4,133.6,39.0,13.33,998.0
2002,黑龙,606.0,565.0,142.0,24.0,23.0,18.0,,210.21,145.79,,,,1589.6,803.6,50.6,74.69,929.0
2003,上海,2199.0,1945.0,282.0,136.0,161.0,93.0,4573.73,3040.75,901.24,557.61,11.29,332.34,8267.51,2491.84,30.1,745.24,2991.0
2003,云南,393.0,374.0,67.0,7.0,15.0,4.0,384.87,250.11,114.97,79.91,0.84,34.22,1363.21,586.59,43.0,60.22,1027.0
2003,内蒙,687.0,685.0,45.0,10.0,1.0,1.0,181.49,122.97,90.79,69.93,0.9,19.96,1176.02,615.91,52.4,53.08,862.0
2003,北京,1056.0,849.0,111.0,30.0,146.0,61.0,4592.38,2760.08,1202.48,716.22,24.29,461.97,9070.66,2593.65,28.6,461.83,1781.0
2003,吉林,457.0,438.0,55.0,4.0,14.0,5.0,352.38,195.87,139.24,105.64,1.57,32.03,1437.74,710.99,49.5,82.02,1154.0
2003,四川,2014.0,1936.0,148.0,92.0,58.0,20.0,1288.6,725.26,450.87,321.39,4.45,125.02,6837.95,2864.1,41.9,232.14,811.0
2003,天津,761.0,701.0,148.0,37.0,37.0,23.0,718.84,437.19,211.39,132.25,4.06,75.08,2314.43,911.27,39.4,119.98,1317.0
2003,宁夏,217.0,213.0,3.0,10.0,2.0,2.0,79.31,63.63,50.91,39.73,0.18,10.99,754.91,407.28,54.0,34.41,845.0
2003,安徽,1388.0,1303.0,218.0,83.0,53.0,32.0,857.91,407.48,240.65,158.65,3.17,78.84,3140.1,1326.21,42.2,109.4,825.0
2003,山东,2152.0,1986.0,330.0,227.0,120.0,46.0,1967.5,1003.45,581.88,412.43,3.86,165.58,7246.81,2688.79,37.1,279.94,1041.0
2003,山西,711.0,688.0,141.0,28.0,16.0,7.0,308.81,199.98,95.07,70.99,1.64,22.45,1294.6,482.57,37.3,54.41,1127.0
2003,广东,4171.0,3370.0,487.0,536.0,692.0,109.0,6279.35,4046.14,1233.52,866.97,25.26,341.3,12854.98,4383.68,34.1,730.15,1666.0
2003,广西,749.0,641.0,132.0,46.0,81.0,27.0,482.31,291.6,120.31,83.59,2.02,34.7,1929.78,558.73,29.0,42.67,764.0
2003,新疆,492.0,480.0,33.0,6.0,8.0,4.0,286.49,173.26,102.49,81.35,2.42,18.72,1382.14,791.14,57.2,91.09,1151.0
2003,江苏,2580.0,2311.0,373.0,264.0,186.0,83.0,2362.39,1430.6,809.96,509.32,6.73,293.91,8924.74,3120.23,35.0,326.1,1045.0
2003,江西,1217.0,1035.0,172.0,53.0,114.0,68.0,503.08,288.68,177.47,126.48,1.68,49.31,2577.95,1055.45,40.9,78.28,742.0
2003,河北,749.0,705.0,108.0,14.0,30.0,14.0,675.62,409.48,251.27,180.89,3.35,67.03,2908.68,1207.27,41.5,131.42,1089.0
2003,河南,1430.0,1320.0,200.0,78.0,74.0,36.0,694.8,365.15,185.56,130.55,1.61,53.39,3210.26,1005.52,31.3,85.91,854.0
2003,浙江,2301.0,2199.0,189.0,110.0,57.0,45.0,3247.58,1896.91,980.05,557.63,7.23,415.2,10804.76,3214.85,29.8,478.15,1487.0
2003,海南,186.0,154.0,22.0,5.0,23.0,9.0,125.85,59.88,36.61,28.27,1.0,7.35,459.11,114.96,25.0,19.23,1673.0
2003,湖北,1309.0,1145.0,222.0,53.0,107.0,57.0,976.79,585.73,239.04,166.85,3.25,68.94,3252.16,1332.51,41.0,143.43,1076.0
2003,湖南,1157.0,1038.0,178.0,43.0,88.0,31.0,790.21,436.27,230.03,158.02,3.32,68.69,3118.87,1142.3,36.6,111.46,976.0
2003,甘肃,721.0,654.0,91.0,58.0,37.0,30.0,206.63,98.65,50.8,40.37,0.79,9.65,997.85,260.67,26.1,25.75,988.0
2003,福建,1900.0,1235.0,253.0,96.0,455.0,210.0,1507.11,864.72,362.07,259.04,2.67,100.36,4891.04,1362.95,27.9,151.73,1113.0
2003,西藏,4.0,4.0,2.0,,,,7.04,2.82,2.0,1.44,0.01,0.55,17.37,12.56,72.3,1.61,1283.0
2003,贵州,1157.0,1095.0,91.0,46.0,45.0,17.0,447.98,218.48,104.95,70.81,1.46,32.69,2104.01,655.35,31.1,54.57,833.0
2003,辽宁,1800.0,1629.0,116.0,41.0,93.0,78.0,1682.5,1002.34,486.39,319.81,6.86,159.72,5314.11,2139.7,40.3,230.12,1075.0
2003,重庆,1597.0,1486.0,81.0,36.0,78.0,33.0,1471.09,681.42,327.89,224.91,8.29,94.69,5287.8,1676.97,31.7,157.25,938.0
2003,陕西,622.0,592.0,103.0,32.0,20.0,10.0,658.65,347.18,188.31,139.05,3.77,45.49,2274.36,709.54,31.2,86.16,1214.0
2003,青海,170.0,162.0,13.0,3.0,4.0,4.0,77.74,40.71,22.31,18.53,,3.78,412.08,156.99,38.1,15.25,972.0
2003,黑龙,776.0,734.0,144.0,21.0,25.0,17.0,382.67,244.78,163.28,114.07,3.06,46.14,1900.03,883.48,46.5,86.97,984.0
2004,上海,5000.0,4491.0,409.0,273.0,293.0,216.0,5690.28,4242.87,1175.46,727.13,17.3,431.03,9481.61,3443.02,36.3,1034.92,3005.84
2004,云南,969.0,924.0,88.0,11.0,33.0,12.0,554.77,333.64,149.93,110.45,0.66,38.82,1828.73,473.21,25.9,49.65,1049.2
2004,内蒙,958.0,947.0,28.0,12.0,5.0,6.0,280.77,157.38,111.38,87.08,1.37,22.93,1429.2,614.38,43.0,62.7,1020.55
2004,北京,2733.0,2402.0,147.0,31.0,185.0,146.0,5393.22,3327.45,1473.29,872.14,35.43,565.71,9931.31,3066.99,30.9,552.62,1801.84
2004,吉林,807.0,769.0,78.0,4.0,23.0,15.0,414.57,253.38,159.93,119.17,1.69,39.07,1545.19,484.58,31.4,53.41,1102.29
2004,四川,2753.0,2636.0,147.0,84.0,73.0,44.0,1451.4,803.75,510.08,340.38,5.33,164.37,7278.47,2398.7,33.0,197.98,825.36
2004,天津,1007.0,891.0,129.0,40.0,60.0,56.0,1220.87,779.15,263.92,160.86,5.03,98.02,2865.55,1108.13,38.7,249.28,2249.53
2004,宁夏,318.0,315.0,9.0,3.0,1.0,2.0,112.6,80.05,67.19,54.13,0.18,12.88,941.94,428.25,45.5,39.78,929.0
2004,安徽,2013.0,1901.0,181.0,65.0,56.0,56.0,1448.54,691.9,350.27,230.19,3.13,116.95,4362.33,1685.0,38.6,164.98,979.11
2004,山东,3201.0,2983.0,291.0,194.0,135.0,83.0,2686.5,1386.63,764.79,542.37,13.4,209.02,8283.92,2396.89,28.9,279.79,1167.3
2004,山西,1053.0,1027.0,132.0,34.0,21.0,5.0,408.76,258.15,125.79,92.71,2.23,30.85,1603.72,477.12,29.8,58.07,1217.13
2004,广东,5982.0,4940.0,541.0,726.0,757.0,285.0,7148.24,4726.05,1355.84,953.35,29.61,372.89,13911.55,3407.83,24.5,616.75,1809.79
2004,广西,1674.0,1488.0,215.0,54.0,118.0,68.0,747.15,426.21,192.35,136.04,4.21,52.1,2998.91,884.51,29.5,83.59,945.03
2004,新疆,709.0,698.0,32.0,7.0,6.0,5.0,317.87,185.04,104.7,86.0,1.27,17.42,1282.3,556.99,43.4,62.3,1118.6
2004,江苏,4100.0,3655.0,251.0,214.0,296.0,149.0,4200.69,2339.2,1269.78,864.87,10.87,394.03,12316.18,3906.33,31.7,489.35,1252.72
2004,江西,1756.0,1581.0,178.0,49.0,114.0,61.0,856.48,390.58,242.84,173.98,2.02,66.83,3325.2,1155.72,34.8,88.57,766.37
2004,河北,1653.0,1574.0,101.0,16.0,49.0,30.0,904.64,427.01,315.9,232.37,2.68,80.84,3268.65,820.7,25.1,99.21,1208.78
2004,河南,2047.0,1927.0,194.0,67.0,68.0,52.0,922.52,467.34,258.82,170.48,1.92,86.42,3940.64,1135.32,28.8,100.94,889.09
2004,浙江,3685.0,3488.0,178.0,82.0,112.0,85.0,4416.12,2720.05,1295.24,779.73,10.28,505.23,13858.95,3195.35,23.1,484.92,1517.59
2004,海南,832.0,695.0,105.0,27.0,80.0,57.0,204.19,115.21,55.99,42.3,1.23,12.46,683.95,105.31,15.4,20.12,1910.3
2004,湖北,1917.0,1701.0,229.0,52.0,137.0,79.0,1508.38,860.86,337.28,227.53,3.79,105.96,4055.22,1532.39,37.8,164.6,1074.17
2004,湖南,2112.0,1933.0,211.0,52.0,124.0,55.0,1269.63,761.87,334.87,234.09,4.95,95.82,4071.79,1459.11,35.8,133.57,915.44
2004,甘肃,800.0,745.0,82.0,37.0,31.0,24.0,295.59,169.11,72.08,57.36,1.23,13.49,1448.08,321.31,22.2,38.67,1203.61
2004,福建,2693.0,1887.0,253.0,99.0,515.0,291.0,1900.38,1138.69,477.79,336.93,2.6,138.26,5795.69,1523.91,26.3,177.81,1166.78
2004,西藏,28.0,27.0,5.0,,,1.0,8.76,7.86,5.39,5.23,0.04,0.12,38.43,9.19,23.9,1.34,1453.42
2004,贵州,1480.0,1414.0,99.0,38.0,43.0,23.0,480.76,270.28,121.66,83.94,1.5,36.22,2443.28,644.48,26.4,59.99,930.8
2004,辽宁,2867.0,2566.0,150.0,49.0,159.0,142.0,2167.17,1228.37,701.12,482.72,7.88,210.52,6123.19,2064.44,33.7,241.78,1171.17
2004,重庆,1828.0,1714.0,71.0,24.0,83.0,31.0,2088.83,973.2,393.09,265.76,7.72,119.61,6160.04,1534.58,24.9,154.72,1008.2
2004,陕西,967.0,931.0,116.0,24.0,23.0,13.0,814.74,419.1,231.17,179.84,6.39,44.94,2490.53,538.41,21.6,70.84,1315.71
2004,青海,291.0,271.0,7.0,7.0,16.0,4.0,88.3,51.59,26.24,22.2,0.3,3.74,426.73,149.86,35.1,17.39,1160.41
2004,黑龙,1009.0,974.0,118.0,15.0,23.0,12.0,567.66,329.08,214.07,153.94,6.7,53.43,2260.11,942.87,41.7,102.84,1090.74
2005,上海,4064.0,3587.0,363.0,188.0,277.0,200.0,6615.35,4377.12,1246.86,859.94,20.9,366.02,10462.39,3095.74,29.6,946.77,3058.0
2005,云南,875.0,848.0,58.0,9.0,21.0,6.0,776.94,476.4,246.91,184.15,0.88,61.88,2806.98,857.53,30.6,109.07,1272.0
2005,内蒙,1012.0,1003.0,35.0,8.0,5.0,4.0,396.94,217.9,162.1,126.88,0.4,34.82,2111.34,897.12,42.5,97.88,1091.0
2005,北京,3123.0,2786.0,143.0,26.0,197.0,140.0,7001.14,4535.74,1525.01,881.81,42.32,600.88,10748.5,3770.88,35.1,812.02,2153.0
2005,吉林,758.0,720.0,56.0,4.0,26.0,12.0,497.54,264.13,195.73,147.13,1.48,47.12,1889.99,622.76,33.0,67.6,1086.0
2005,四川,2848.0,2725.0,139.0,67.0,76.0,47.0,1911.05,1271.03,701.45,446.3,14.59,240.57,8277.68,2769.95,33.5,223.61,807.0
2005,天津,974.0,887.0,137.0,32.0,41.0,46.0,2728.22,1133.27,327.54,197.73,5.2,124.61,3470.57,1479.22,42.6,207.91,1406.0
2005,宁夏,304.0,301.0,7.0,2.0,,3.0,140.41,107.13,74.78,60.86,0.96,12.96,1049.36,568.12,54.1,59.09,1040.0
2005,安徽,1909.0,1803.0,145.0,51.0,56.0,50.0,1930.11,845.28,459.44,310.33,4.24,144.86,5306.92,1816.86,34.2,202.76,1116.0
2005,山东,3039.0,2855.0,267.0,166.0,119.0,65.0,3556.01,1776.44,977.71,701.79,10.55,265.37,10670.88,3600.41,33.7,469.65,1304.0
2005,山西,1181.0,1155.0,141.0,31.0,21.0,5.0,584.65,322.54,177.99,139.6,2.04,36.35,2266.53,667.25,29.4,91.73,1375.0
2005,广东,5410.0,4410.0,439.0,511.0,792.0,208.0,7914.98,4923.21,1591.9,1169.08,37.0,385.82,15110.04,4385.16,29.0,829.35,1891.0
2005,广西,1730.0,1542.0,196.0,51.0,112.0,76.0,1254.19,705.69,286.79,216.16,2.65,67.98,4082.76,1330.74,32.6,116.78,878.0
2005,新疆,756.0,744.0,26.0,5.0,7.0,5.0,272.99,165.44,101.66,85.96,1.41,14.29,1371.15,717.43,52.3,81.13,1131.0
2005,江苏,3810.0,3384.0,216.0,142.0,277.0,149.0,6037.5,3481.26,1545.15,1091.29,12.53,441.33,15619.26,5500.12,35.2,758.78,1380.0
2005,江西,1824.0,1619.0,170.0,41.0,131.0,74.0,1173.49,546.12,301.1,218.78,2.38,79.93,4508.16,1561.54,34.6,130.99,839.0
2005,河北,1169.0,1111.0,66.0,5.0,37.0,21.0,1213.1,547.34,391.53,298.82,3.29,89.42,3820.96,1129.92,29.6,137.41,1216.0
2005,河南,1906.0,1795.0,173.0,58.0,59.0,52.0,1449.85,701.76,388.52,283.87,2.84,101.81,4902.98,1370.94,28.0,144.72,1056.0
2005,浙江,3549.0,3369.0,150.0,66.0,98.0,82.0,5458.01,3560.8,1456.49,917.04,12.87,526.58,15651.74,4130.8,26.4,671.46,1625.0
2005,海南,306.0,263.0,22.0,4.0,26.0,17.0,284.86,167.5,70.85,55.14,1.64,14.07,921.1,187.09,20.3,34.54,1846.0
2005,湖北,1990.0,1782.0,213.0,47.0,129.0,79.0,1692.03,749.21,447.95,315.15,4.68,128.12,4804.35,1627.03,33.9,238.79,1468.0
2005,湖南,2006.0,1853.0,172.0,40.0,101.0,52.0,1961.26,942.65,456.97,316.96,7.51,132.51,5050.35,1741.15,34.5,179.34,1030.0
2005,甘肃,825.0,770.0,68.0,37.0,31.0,24.0,339.74,217.09,86.6,70.73,1.68,14.2,1437.98,454.9,31.6,51.18,1125.0
2005,福建,2596.0,1866.0,225.0,91.0,470.0,260.0,2153.63,1075.47,540.39,356.91,3.97,179.51,6107.75,1576.16,25.8,199.8,1268.0
2005,西藏,21.0,21.0,5.0,,,,14.68,8.66,6.02,4.59,0.07,1.36,43.36,26.49,61.1,4.3,1625.0
2005,贵州,1465.0,1405.0,91.0,32.0,39.0,21.0,639.31,346.38,154.12,102.55,1.57,50.0,2784.91,711.64,25.6,62.48,878.0
2005,辽宁,2744.0,2451.0,121.0,29.0,157.0,136.0,2677.28,1381.71,874.25,591.2,13.92,269.13,7058.93,2443.9,34.6,293.2,1200.0
2005,重庆,1862.0,1752.0,68.0,17.0,84.0,26.0,2599.85,1374.35,517.73,351.06,9.31,157.35,7487.36,2209.82,29.5,254.93,1154.0
2005,陕西,933.0,901.0,98.0,24.0,22.0,10.0,1030.42,536.79,298.95,227.37,9.19,62.39,3175.66,757.23,23.8,120.17,1587.0
2005,青海,251.0,237.0,11.0,5.0,11.0,3.0,128.86,75.99,29.11,22.7,0.55,5.87,422.87,104.11,24.6,12.66,1216.0
2005,黑龙,1050.0,1012.0,124.0,7.0,21.0,17.0,682.35,409.0,267.63,210.65,4.8,52.19,2630.47,1305.03,49.6,142.15,1089.0
2006,上海,3255.0,2813.0,293.0,122.0,269.0,173.0,7117.04,4690.14,1275.59,866.09,21.18,388.32,10938.75,3274.27,29.9,1011.31,3089.0
2006,云南,1072.0,1039.0,68.0,35.0,27.0,6.0,1073.67,663.32,332.15,246.82,4.78,80.55,3322.37,1160.38,34.9,166.09,1431.0
2006,内蒙,1173.0,1163.0,35.0,6.0,5.0,5.0,678.64,434.15,325.02,254.65,1.16,69.21,3601.48,1332.85,37.0,149.23,1120.0
2006,北京,3035.0,2687.0,133.0,29.0,208.0,140.0,9535.86,5851.97,1719.87,953.18,55.47,711.22,10483.53,3193.89,30.5,764.3,2393.0
2006,吉林,902.0,860.0,49.0,6.0,29.0,13.0,787.03,435.41,310.16,233.64,0.84,75.67,2846.72,934.85,32.8,112.32,1201.0
2006,四川,3057.0,2920.0,127.0,57.0,80.0,57.0,2789.01,1919.34,914.5,573.95,9.32,331.22,10606.9,3238.7,30.5,307.11,948.0
2006,天津,1007.0,911.0,136.0,28.0,45.0,51.0,2055.66,1226.24,402.32,266.09,5.48,130.75,4142.6,1520.24,36.7,353.75,2327.0
2006,宁夏,314.0,310.0,7.0,2.0,0.0,4.0,151.03,113.12,76.94,64.36,0.2,12.38,1140.52,524.53,46.0,53.56,1021.0
2006,安徽,2182.0,2059.0,132.0,44.0,66.0,57.0,2505.19,1347.37,637.45,460.4,7.22,169.82,7062.41,2067.23,29.3,255.31,1235.0
2006,山东,3172.0,2971.0,240.0,147.0,125.0,76.0,4535.71,2472.66,1185.38,871.61,10.63,303.13,12392.32,3699.08,29.8,473.11,1279.0
2006,山西,1393.0,1368.0,130.0,27.0,20.0,5.0,715.36,464.65,208.62,170.41,3.46,34.76,3100.92,674.69,21.8,91.06,1350.0
2006,广东,5504.0,4508.0,391.0,457.0,794.0,202.0,9198.04,5822.83,1843.51,1390.89,39.13,413.49,16977.5,4314.1,25.4,924.15,2142.0
2006,广西,1750.0,1593.0,151.0,41.0,97.0,60.0,1601.47,937.54,369.98,276.87,9.16,83.95,4708.28,1133.66,24.1,103.63,914.0
2006,新疆,824.0,813.0,29.0,5.0,6.0,5.0,319.89,192.23,120.88,96.6,1.3,22.98,1567.7,679.06,43.3,73.07,1076.0
2006,江苏,4137.0,3655.0,218.0,131.0,289.0,193.0,7751.58,4422.54,1906.71,1334.08,21.12,551.51,19108.25,5933.51,31.1,891.49,1502.0
2006,江西,1859.0,1662.0,151.0,39.0,128.0,69.0,1403.36,730.77,345.96,260.56,1.69,83.7,4625.59,1621.51,35.1,140.53,867.0
2006,河北,1272.0,1215.0,57.0,10.0,37.0,20.0,1627.06,850.72,481.58,368.11,4.44,109.03,4769.5,1378.89,28.9,196.23,1423.0
2006,河南,2100.0,1984.0,150.0,42.0,61.0,55.0,2084.92,1097.76,581.95,432.62,5.01,144.32,7017.17,1681.42,24.0,184.87,1100.0
2006,浙江,3685.0,3494.0,139.0,54.0,107.0,84.0,6420.35,4237.7,1574.28,953.91,16.76,603.6,16970.08,3877.47,22.8,651.22,1679.0
2006,海南,310.0,270.0,13.0,5.0,27.0,13.0,388.62,240.46,89.26,66.41,0.98,21.87,995.17,125.92,12.7,18.78,1491.0
2006,湖北,2170.0,1951.0,195.0,45.0,136.0,83.0,2171.06,1252.94,564.76,401.78,5.9,157.07,5504.08,1817.7,33.0,292.23,1608.0
2006,湖南,2282.0,2121.0,174.0,39.0,106.0,55.0,2284.97,1230.3,556.06,388.78,7.21,160.07,6340.98,1706.25,26.9,200.05,1172.0
2006,甘肃,895.0,841.0,68.0,39.0,31.0,23.0,377.17,249.65,97.72,77.12,1.03,19.57,1585.4,420.34,26.5,40.99,975.0
2006,福建,2754.0,2015.0,217.0,71.0,488.0,251.0,3092.32,1677.17,787.36,423.35,3.37,360.64,6992.74,1408.32,20.1,193.24,1372.0
2006,西藏,47.0,47.0,11.0,0.0,0.0,0.0,27.65,19.07,8.9,6.85,0.02,2.03,107.82,32.94,30.5,5.34,1620.0
2006,贵州,1432.0,1382.0,84.0,28.0,33.0,17.0,816.61,443.2,186.79,125.92,1.73,59.15,3309.04,642.09,19.4,60.58,943.0
2006,辽宁,2771.0,2456.0,103.0,27.0,165.0,150.0,3650.39,2227.25,1142.19,765.71,11.31,365.17,8578.8,2888.84,33.7,385.89,1336.0
2006,重庆,1936.0,1828.0,70.0,19.0,83.0,25.0,3416.08,1640.95,629.67,406.3,8.71,214.66,8864.37,2224.84,25.1,314.78,1415.0
2006,陕西,918.0,887.0,88.0,19.0,21.0,10.0,1412.85,834.75,394.86,326.45,8.05,60.37,3561.19,792.14,22.2,125.72,1587.0
2006,青海,288.0,273.0,11.0,6.0,12.0,3.0,165.62,108.63,31.18,28.58,0.08,2.52,457.81,133.08,29.1,17.44,1311.0
2006,黑龙,1214.0,1172.0,127.0,6.0,24.0,18.0,801.46,541.53,321.32,260.77,3.21,57.34,3106.45,1398.12,45.0,171.97,1230.0
2007,上海,3116.0,2674.0,260.0,127.0,276.0,166.0,8124.06,5744.8,1307.53,926.16,27.35,354.02,10766.72,3380.12,31.4,1038.98,3073.8
2007,云南,1228.0,1190.0,69.0,10.0,29.0,9.0,1578.21,898.68,422.86,297.64,5.39,119.83,4301.88,1016.29,23.6,145.57,1432.33
2007,内蒙,1415.0,1405.0,36.0,6.0,6.0,4.0,1086.92,743.75,500.89,410.8,2.24,87.85,5272.67,1832.91,34.8,240.79,1313.7
2007,北京,2699.0,2381.0,109.0,24.0,188.0,130.0,11979.32,7332.13,1995.82,1015.27,58.89,921.66,10438.65,2891.65,27.7,690.78,2388.87
2007,吉林,1041.0,996.0,49.0,5.0,31.0,14.0,1172.63,679.25,490.08,374.15,1.87,114.06,4370.03,1291.8,29.6,149.16,1154.67
2007,四川,2816.0,2712.0,106.0,40.0,54.0,50.0,4291.88,2675.27,1326.83,776.33,14.64,535.87,13427.29,3084.15,23.0,321.17,1041.37
2007,天津,1028.0,932.0,129.0,22.0,42.0,54.0,2389.55,1802.48,505.3,333.37,2.69,169.24,4836.49,1704.36,35.2,442.38,2595.56
2007,宁夏,338.0,334.0,5.0,1.0,,4.0,200.92,139.58,93.11,75.32,0.3,17.5,1231.08,501.2,40.7,56.81,1133.52
2007,安徽,2391.0,2263.0,146.0,32.0,67.0,61.0,3213.53,1938.27,892.07,632.91,12.1,247.06,8943.51,2341.6,26.2,328.23,1401.73
2007,山东,3436.0,3226.0,230.0,141.0,128.0,82.0,5602.35,3367.94,1521.02,1122.7,13.84,384.48,15165.08,3794.69,25.0,557.25,1468.5
2007,山西,1608.0,1582.0,132.0,26.0,21.0,5.0,917.21,591.77,258.93,196.27,3.62,59.03,3383.29,796.85,23.6,117.97,1480.5
2007,广东,5695.0,4663.0,345.0,420.0,798.0,234.0,11641.29,7334.99,2517.23,1799.67,49.4,668.16,20358.39,4262.86,20.9,927.12,2174.87
2007,广西,1949.0,1777.0,144.0,38.0,112.0,60.0,2174.15,1352.98,536.28,366.37,9.55,160.36,6028.11,1312.97,21.8,130.88,996.81
2007,新疆,909.0,897.0,26.0,4.0,6.0,6.0,395.4,273.11,168.32,132.12,2.12,34.08,2053.76,890.55,43.4,103.19,1158.72
2007,江苏,4648.0,4103.0,210.0,109.0,316.0,229.0,10274.65,6298.4,2515.91,1735.89,20.0,760.02,23221.55,6340.75,27.3,1018.5,1606.27
2007,江西,2043.0,1843.0,165.0,40.0,132.0,68.0,1620.24,939.87,435.46,345.74,4.2,85.51,5452.42,1626.06,29.8,163.65,1006.44
2007,河北,1497.0,1440.0,60.0,11.0,37.0,20.0,2186.3,1272.17,709.28,508.02,5.31,195.95,5821.87,1342.64,23.1,221.19,1647.41
2007,河南,2586.0,2461.0,149.0,47.0,63.0,62.0,2855.76,1619.86,837.11,672.47,9.22,155.42,10550.9,2785.48,26.4,326.78,1173.15
2007,浙江,3872.0,3645.0,144.0,56.0,116.0,111.0,7611.92,5007.91,1821.67,1021.95,19.98,779.75,18370.15,4100.13,22.3,836.54,2040.27
2007,海南,405.0,354.0,18.0,3.0,29.0,22.0,669.58,305.0,127.57,97.26,2.03,28.29,1185.93,233.14,19.7,42.08,1805.13
2007,湖北,2364.0,2154.0,185.0,43.0,128.0,82.0,2656.01,1658.97,723.73,484.68,9.5,229.55,6552.66,2099.67,32.0,385.4,1835.51
2007,湖南,2501.0,2320.0,172.0,35.0,114.0,67.0,3364.62,1718.79,754.58,519.85,9.05,225.68,8162.11,2055.83,25.2,273.91,1332.37
2007,甘肃,1045.0,989.0,74.0,39.0,32.0,24.0,528.1,335.89,134.07,100.58,1.81,31.68,1854.11,431.69,23.3,46.48,1076.76
2007,福建,2693.0,2028.0,187.0,60.0,443.0,222.0,4110.28,2547.46,1132.49,620.96,5.36,506.17,9651.58,1711.33,17.7,236.53,1382.13
2007,西藏,35.0,35.0,11.0,,,,33.07,22.99,11.68,11.15,0.03,0.49,114.71,41.27,36.0,10.01,2425.48
2007,贵州,1575.0,1528.0,77.0,24.0,32.0,15.0,1065.81,612.15,249.67,178.72,2.01,68.94,4277.01,694.85,16.2,66.6,958.48
2007,辽宁,2981.0,2634.0,94.0,23.0,184.0,163.0,5341.28,2839.69,1497.58,1166.2,17.06,314.32,11615.11,3129.88,26.9,445.3,1422.74
2007,重庆,2039.0,1927.0,70.0,16.0,83.0,29.0,4338.59,2185.85,849.9,553.82,11.96,284.12,10578.84,2253.07,21.3,318.06,1411.66
2007,陕西,946.0,910.0,87.0,16.0,21.0,15.0,2117.88,1148.73,535.32,417.12,13.12,105.09,4446.42,892.04,20.1,149.61,1677.12
2007,青海,299.0,285.0,11.0,5.0,11.0,3.0,171.42,107.58,34.21,28.2,0.2,5.8,584.22,171.21,29.3,24.88,1453.0
2007,黑龙,1320.0,1277.0,117.0,7.0,25.0,18.0,958.04,659.01,382.37,283.88,5.63,92.85,3301.73,1595.62,48.3,224.1,1404.48
2008,上海,3898.0,3384.0,326.0,128.0,306.0,208.0,9482.88,6627.51,1435.73,966.59,25.86,443.29,10784.23,2570.74,23.8,644.66,2508.0
2008,云南,2208.0,2168.0,81.0,13.0,34.0,6.0,2334.74,1182.88,557.69,407.12,5.61,144.96,5367.6,1051.7,19.6,169.55,1612.0
2008,内蒙,2243.0,2232.0,36.0,5.0,6.0,5.0,1669.14,1157.86,744.3,598.37,3.94,141.99,7099.1,1981.4,27.9,287.98,1453.0
2008,北京,3433.0,3112.0,99.0,26.0,185.0,136.0,13111.06,8099.7,1908.74,829.56,48.63,1030.54,10014.32,2557.99,25.5,671.29,2624.0
2008,吉林,1361.0,1323.0,31.0,7.0,25.0,13.0,1507.72,1008.15,641.04,512.78,6.33,121.93,4965.1,1549.1,31.2,215.07,1388.0
2008,四川,3946.0,3787.0,142.0,37.0,83.0,76.0,6021.61,3325.89,1451.7,979.5,17.13,455.07,15589.3,3348.6,21.5,438.73,1310.0
2008,天津,1258.0,1125.0,219.0,32.0,66.0,67.0,3328.22,2616.27,653.72,428.99,3.52,221.21,5704.27,1799.37,31.5,403.87,2245.0
2008,宁夏,341.0,337.0,3.0,3.0,,4.0,255.78,178.77,117.59,101.56,1.74,14.28,1580.7,634.2,40.1,80.62,1271.0
2008,安徽,3277.0,3139.0,140.0,32.0,79.0,59.0,4807.41,3022.54,1362.67,961.43,21.2,380.03,11729.4,2541.1,21.7,410.9,1617.0
2008,山东,5748.0,5477.0,239.0,156.0,153.0,118.0,8467.12,4741.22,2038.53,1486.16,23.54,528.84,20098.7,4535.1,22.6,787.59,1737.0
2008,山西,1836.0,1813.0,127.0,25.0,20.0,3.0,1342.62,738.13,326.79,231.52,6.28,88.99,3895.9,920.5,23.6,133.11,1446.0
2008,广东,6651.0,5594.0,319.0,433.0,797.0,260.0,14731.65,9742.53,2949.25,2087.24,71.09,790.92,23683.0,5063.9,21.4,1310.29,2588.0
2008,广西,3115.0,2916.0,184.0,51.0,113.0,86.0,2838.03,1771.04,627.34,437.99,11.9,177.46,6877.0,1253.5,18.2,153.57,1225.0
2008,新疆,1130.0,1122.0,32.0,1.0,5.0,3.0,548.3,376.71,228.63,185.48,1.53,41.61,2639.1,1049.3,39.8,136.81,1304.0
2008,江苏,7005.0,6324.0,222.0,127.0,388.0,293.0,14981.91,8779.33,3304.56,2247.68,34.66,1022.22,28963.3,8265.5,28.5,1551.84,1877.0
2008,江西,2410.0,2247.0,155.0,29.0,118.0,45.0,2233.03,1374.75,547.66,439.04,4.93,103.7,6344.7,1586.7,25.0,203.79,1284.0
2008,河北,2564.0,2499.0,55.0,6.0,39.0,26.0,3199.08,1941.9,1084.44,799.65,17.0,267.79,8958.1,1663.6,18.6,316.6,1903.0
2008,河南,4146.0,4000.0,134.0,32.0,66.0,80.0,4670.26,2340.97,1206.71,933.61,12.08,261.02,13906.2,3026.0,21.8,403.95,1335.0
2008,浙江,5600.0,5289.0,163.0,67.0,162.0,149.0,9372.4,6300.25,2023.12,1199.52,24.48,799.12,19273.3,4458.3,23.1,950.76,2133.0
2008,海南,1563.0,1437.0,67.0,27.0,86.0,40.0,1027.46,453.77,199.45,151.6,4.3,43.54,1500.1,308.8,20.6,72.83,2358.0
2008,湖北,3410.0,3245.0,166.0,53.0,109.0,56.0,3974.82,2349.79,892.67,668.18,11.92,212.57,7800.5,2057.9,26.4,415.01,2017.0
2008,湖南,3596.0,3423.0,189.0,33.0,112.0,61.0,4744.2,2466.38,955.92,683.57,16.59,255.75,10715.5,2393.8,22.3,320.94,1341.0
2008,甘肃,1058.0,1031.0,57.0,28.0,17.0,10.0,822.93,458.84,185.81,141.91,2.36,41.54,2310.3,546.5,23.7,71.21,1303.0
2008,福建,3268.0,2540.0,221.0,58.0,529.0,199.0,5346.48,3345.61,1129.09,747.41,7.91,373.78,11459.7,1906.2,16.6,293.17,1538.0
2008,西藏,53.0,53.0,7.0,,,,32.8,24.23,13.74,11.83,0.29,1.62,144.6,54.6,37.7,12.01,2201.0
2008,贵州,1998.0,1950.0,85.0,24.0,32.0,16.0,1662.27,855.74,311.26,220.74,3.66,86.85,5228.9,720.7,13.8,86.27,1197.0
2008,辽宁,4841.0,4326.0,131.0,47.0,254.0,261.0,7540.71,4209.76,2060.8,1570.59,35.15,455.05,14904.6,3826.1,25.7,639.94,1673.0
2008,重庆,2280.0,2157.0,85.0,10.0,78.0,45.0,5530.78,2888.72,991.0,665.84,12.93,312.22,11639.27,2367.94,20.3,402.32,1699.0
2008,陕西,1366.0,1329.0,111.0,18.0,21.0,16.0,3066.06,1688.23,762.23,596.83,11.56,153.84,5780.1,875.7,15.2,159.0,1816.0
2008,青海,370.0,356.0,13.0,1.0,10.0,4.0,211.79,129.1,51.19,41.26,0.23,9.7,698.2,225.3,32.3,35.95,1596.0
2008,黑龙,1589.0,1547.0,102.0,11.0,23.0,19.0,1126.6,743.47,439.86,304.15,5.72,129.99,3611.1,1404.7,38.9,167.91,1195.0
2009,上海,3306.0,2834.0,390.0,199.0,296.0,176.0,9721.17,6642.47,1462.07,1032.72,22.48,406.87,9949.45,2104.98,21.2,705.8,3353.0
2009,云南,2121.0,2080.0,83.0,12.0,35.0,6.0,3024.76,1675.9,737.46,529.8,6.99,200.66,6837.9,1680.6,24.6,321.71,1914.0
2009,内蒙,1893.0,1883.0,32.0,4.0,6.0,4.0,2267.49,1474.34,815.46,658.77,9.8,146.89,8288.4,2314.8,27.9,408.36,1764.0
2009,北京,3172.0,2874.0,107.0,23.0,174.0,124.0,17483.0,9675.75,2337.71,841.55,45.72,1450.44,9719.08,2678.55,27.6,644.58,2406.0
2009,吉林,1370.0,1333.0,27.0,7.0,25.0,12.0,1781.99,1142.94,756.67,617.92,3.66,135.09,5369.4,1469.6,27.4,211.92,1442.0
2009,四川,3769.0,3625.0,132.0,35.0,74.0,70.0,7094.31,4623.46,1588.37,1166.63,18.73,403.01,17731.3,4279.5,24.1,685.23,1601.0
2009,天津,1178.0,1070.0,258.0,20.0,53.0,55.0,3995.2,2610.86,735.18,485.22,5.38,244.58,6052.16,1902.06,31.4,520.0,2734.0
2009,宁夏,321.0,319.0,3.0,2.0,,2.0,421.08,251.54,162.74,138.57,0.57,23.6,1952.0,741.2,38.0,103.21,1392.0
2009,安徽,3097.0,2966.0,125.0,28.0,74.0,57.0,6454.32,4040.04,1669.83,1225.07,25.66,419.09,14165.5,2861.2,20.2,555.19,1940.0
2009,山东,5483.0,5218.0,232.0,146.0,154.0,111.0,9450.97,5525.94,2428.73,1835.32,28.53,564.88,22125.2,5015.9,22.7,1019.87,2033.0
2009,山西,1899.0,1873.0,122.0,25.0,20.0,6.0,1848.85,987.91,477.27,365.72,4.17,107.38,5486.7,861.1,15.7,160.54,1864.0
2009,广东,6079.0,5107.0,271.0,339.0,737.0,235.0,16840.38,10241.73,2961.32,2165.06,39.45,756.81,24814.7,5062.2,20.4,1321.53,2611.0
2009,广西,3015.0,2832.0,176.0,47.0,106.0,77.0,3828.9,2040.52,813.68,583.38,9.2,221.11,8346.1,1441.6,17.3,204.63,1419.0
2009,新疆,1159.0,1151.0,29.0,1.0,5.0,3.0,713.79,452.31,235.88,199.29,1.79,34.8,3064.4,1032.7,33.7,153.05,1482.0
2009,江苏,5809.0,5215.0,202.0,105.0,335.0,259.0,16758.13,10065.64,3338.5,2472.52,34.14,831.84,29953.9,8442.8,28.2,1926.17,2281.0
2009,江西,2050.0,1899.0,139.0,21.0,108.0,43.0,2471.78,1679.16,634.52,514.34,7.36,112.82,6755.6,1646.8,24.4,234.67,1425.0
2009,河北,2710.0,2642.0,56.0,5.0,37.0,31.0,4385.01,2505.07,1520.04,1161.29,17.13,341.62,12753.0,2211.7,17.3,464.23,2099.0
2009,河南,3798.0,3661.0,130.0,37.0,67.0,70.0,5263.58,2956.55,1553.76,1247.85,17.02,288.89,16071.5,3401.0,21.2,434.3,1277.0
2009,浙江,5335.0,5052.0,162.0,54.0,155.0,128.0,10114.83,6653.03,2254.27,1328.28,25.36,900.63,19932.7,3843.8,19.3,853.54,2221.0
2009,海南,405.0,369.0,13.0,2.0,23.0,13.0,1113.96,654.03,287.96,240.12,5.58,42.27,1989.9,431.6,21.7,112.2,2600.0
2009,湖北,3460.0,3299.0,175.0,48.0,109.0,52.0,5124.61,2900.23,1200.44,828.62,18.51,353.31,9546.5,2312.1,24.2,540.22,2336.0
2009,湖南,3227.0,3056.0,170.0,32.0,103.0,68.0,5261.86,2712.91,1084.58,823.75,20.41,240.42,13727.7,2965.2,21.6,545.52,1840.0
2009,甘肃,1110.0,1083.0,57.0,31.0,16.0,11.0,961.99,495.87,204.14,151.82,1.08,51.24,2536.3,540.6,21.3,87.53,1619.0
2009,福建,3316.0,2594.0,223.0,51.0,527.0,195.0,6894.11,3769.85,1136.35,731.42,7.08,397.84,11668.2,2240.3,19.2,358.53,1600.0
2009,西藏,53.0,53.0,10.0,,,,36.18,30.19,15.75,13.56,0.46,1.73,140.6,46.0,32.7,8.37,1821.0
2009,贵州,1840.0,1792.0,73.0,21.0,31.0,17.0,2049.65,1026.49,371.25,282.53,4.32,84.4,6101.0,1223.5,20.1,182.3,1490.0
2009,辽宁,3920.0,3491.0,114.0,30.0,226.0,203.0,9185.96,5556.42,2640.56,2084.88,35.85,519.83,18579.1,4031.7,21.7,752.49,1866.0
2009,重庆,2359.0,2235.0,124.0,10.0,84.0,40.0,6681.3,3636.17,1238.91,833.03,15.1,390.79,13052.6,2907.05,22.3,613.71,2111.0
2009,陕西,1194.0,1165.0,85.0,18.0,18.0,11.0,4285.26,2114.35,941.63,801.53,15.97,124.13,8235.6,917.0,11.1,224.01,2443.0
2009,青海,383.0,369.0,14.0,1.0,10.0,4.0,317.45,141.7,72.85,51.5,0.25,21.1,900.4,182.0,20.2,28.56,1569.0
2009,黑龙,1576.0,1534.0,101.0,7.0,25.0,17.0,1516.29,1045.13,563.92,427.25,6.39,130.28,4521.3,1888.3,41.8,307.42,1628.0
2010,上海,3247.0,2773.0,316.0,91.0,305.0,169.0,12818.48,8530.33,1980.68,1304.49,22.04,654.15,11295.03,1941.25,17.2,779.93,4018.0
2010,云南,2344.0,2303.0,83.0,11.0,36.0,5.0,3795.58,2262.83,900.44,672.91,10.12,217.41,8785.0,1536.0,17.5,330.24,2150.0
2010,内蒙,2119.0,2109.0,27.0,4.0,6.0,4.0,3409.5,2092.96,1119.99,934.89,7.03,178.07,11535.3,2297.7,19.9,442.45,1926.0
2010,北京,3173.0,2888.0,83.0,23.0,174.0,111.0,17140.64,11136.25,2901.07,910.85,46.28,1943.94,10300.86,2386.71,23.2,575.59,2412.0
2010,吉林,1352.0,1319.0,25.0,6.0,23.0,10.0,2801.64,1767.27,921.01,743.42,1.42,176.18,7069.5,2030.5,28.7,340.22,1676.0
2010,四川,3915.0,3762.0,131.0,34.0,79.0,74.0,9739.66,6045.85,2194.63,1593.17,17.94,583.52,21158.5,3966.8,18.7,742.46,1872.0
2010,天津,1279.0,1169.0,270.0,19.0,58.0,52.0,5687.35,3287.38,866.64,578.02,3.48,285.14,7160.84,2098.55,29.3,670.67,3196.0
2010,宁夏,360.0,357.0,1.0,2.0,,3.0,867.71,447.88,254.37,220.8,1.03,32.54,2940.5,936.9,31.9,175.51,1873.0
2010,安徽,3281.0,3149.0,130.0,23.0,78.0,54.0,8956.29,5908.6,2251.8,1561.02,24.97,665.81,17620.0,3026.7,17.2,679.22,2244.0
2010,山东,5798.0,5536.0,240.0,161.0,157.0,105.0,13756.2,7947.6,3249.37,2345.06,32.76,871.55,28081.2,5074.3,18.1,1077.58,2124.0
2010,山西,1990.0,1968.0,117.0,21.0,16.0,6.0,2459.7,1434.71,592.24,446.72,4.73,140.79,7599.8,1203.7,15.8,208.1,1729.0
2010,广东,6527.0,5567.0,261.0,327.0,737.0,223.0,21757.06,12925.08,3659.69,2582.99,40.34,1036.36,29301.4,5659.1,19.3,1587.46,2805.0
2010,广西,3212.0,3035.0,159.0,42.0,99.0,78.0,5253.28,3016.16,1206.22,921.48,12.42,272.31,12048.7,1564.3,13.0,230.69,1475.0
2010,新疆,1233.0,1227.0,24.0,1.0,4.0,2.0,1014.09,650.23,347.72,290.42,5.18,52.12,3980.8,1012.9,25.4,147.71,1458.0
2010,江苏,6070.0,5450.0,227.0,103.0,352.0,268.0,21924.85,12808.76,4299.38,2897.21,41.09,1361.09,35106.9,8696.3,24.8,2307.27,2653.0
2010,江西,2141.0,1989.0,132.0,20.0,109.0,43.0,3297.92,2204.83,706.82,534.29,13.52,159.01,7229.9,1817.7,25.1,301.12,1657.0
2010,河北,2997.0,2933.0,50.0,6.0,34.0,30.0,7617.69,4290.04,2264.94,1696.99,27.25,540.7,20700.0,3614.7,17.5,816.11,2258.0
2010,河南,4176.0,4039.0,120.0,35.0,70.0,67.0,8013.13,4371.74,2114.08,1657.06,25.34,431.68,20394.0,4426.9,21.7,630.25,1424.0
2010,浙江,5577.0,5279.0,162.0,52.0,163.0,135.0,13296.39,8420.28,3025.43,1643.46,30.28,1351.68,23781.9,4115.8,17.3,1068.33,2596.0
2010,海南,545.0,504.0,23.0,2.0,27.0,14.0,1968.15,1132.38,467.87,373.54,19.53,74.79,2699.5,609.1,22.6,180.26,2959.0
2010,湖北,3558.0,3397.0,166.0,45.0,106.0,55.0,7185.16,3430.07,1618.24,1059.26,29.07,529.9,11589.4,2541.2,21.9,564.66,2222.0
2010,湖南,3437.0,3286.0,165.0,28.0,98.0,53.0,6829.88,3686.42,1469.07,1118.54,21.96,328.57,16801.9,3347.9,19.9,646.81,1932.0
2010,甘肃,1185.0,1158.0,60.0,24.0,16.0,11.0,1483.56,653.96,266.41,208.06,1.86,56.49,3130.4,598.7,19.1,109.45,1828.0
2010,福建,3634.0,2926.0,216.0,52.0,529.0,179.0,8649.46,5319.92,1818.86,931.62,9.39,877.85,14189.7,2242.5,15.8,415.32,1852.0
2010,西藏,61.0,61.0,9.0,1.0,,,49.3,26.56,8.96,6.59,0.19,2.19,75.3,12.2,16.2,2.71,2225.0
2010,贵州,1876.0,1832.0,78.0,16.0,29.0,15.0,2915.74,1482.38,556.69,388.67,7.52,160.49,7905.5,1048.0,13.3,169.01,1613.0
2010,辽宁,4181.0,3725.0,108.0,28.0,245.0,211.0,14469.21,8346.44,3465.76,2675.42,54.34,736.0,26831.1,4497.4,16.8,971.14,2159.0
2010,重庆,2391.0,2275.0,101.0,10.0,77.0,39.0,9184.45,5080.88,1620.26,1047.09,13.82,559.35,17138.5,2626.59,15.3,647.98,2467.0
2010,陕西,1274.0,1243.0,90.0,23.0,17.0,14.0,4705.4,2888.91,1159.47,949.89,24.19,185.39,9947.9,900.1,9.0,220.12,2446.0
2010,青海,395.0,382.0,14.0,1.0,10.0,3.0,434.75,217.92,108.19,96.3,0.08,11.81,1424.2,267.7,18.8,49.84,1862.0
2010,黑龙,1890.0,1848.0,97.0,9.0,23.0,19.0,2341.12,1434.82,843.12,675.29,8.89,158.95,7532.9,2645.8,35.1,454.53,1718.0
2011,上海,3300.0,2822.0,298.0,92.0,304.0,174.0,15168.61,10243.65,2253.83,1526.08,17.19,710.56,13033.17,2384.33,18.3,1143.52,4795.98
2011,云南,2675.0,2633.0,84.0,12.0,35.0,7.0,5443.3,3128.41,1280.13,1017.22,14.61,248.3,11010.43,1572.07,14.3,325.91,2073.15
2011,内蒙,2322.0,2315.0,29.0,4.0,4.0,3.0,5021.95,3016.32,1591.16,1332.29,13.88,244.99,15895.28,2519.38,15.8,510.91,2027.91
2011,北京,3068.0,2791.0,80.0,20.0,172.0,105.0,18561.28,11901.39,3036.31,1235.05,38.46,1762.79,12065.38,2245.24,18.6,629.99,2805.88
2011,吉林,1563.0,1532.0,22.0,5.0,23.0,8.0,4013.02,2568.5,1195.39,924.52,4.01,266.86,9123.41,1878.93,20.6,381.89,2032.47
2011,四川,4314.0,4158.0,130.0,30.0,84.0,72.0,11605.98,8256.71,2819.17,2180.8,24.55,613.81,27121.77,4232.53,15.6,910.47,2151.12
2011,天津,1247.0,1134.0,210.0,17.0,64.0,49.0,7992.68,4406.77,1080.25,807.39,10.08,262.78,9233.98,2102.8,22.8,663.07,3153.29
2011,宁夏,436.0,432.0,3.0,3.0,1.0,3.0,1345.37,680.38,336.23,291.31,1.49,43.43,4080.26,967.32,23.7,256.43,2650.91
2011,安徽,3209.0,3094.0,119.0,20.0,68.0,47.0,11695.45,7202.59,2611.54,1821.93,27.64,761.96,20785.8,3628.73,17.5,803.05,2213.03
2011,山东,5589.0,5353.0,222.0,124.0,149.0,87.0,18200.63,10694.84,4106.75,3226.92,36.61,843.23,36339.49,6356.76,17.5,1348.32,2121.08
2011,山西,2156.0,2133.0,105.0,17.0,17.0,6.0,3195.85,1978.95,790.2,636.49,5.5,148.2,9307.96,2110.43,22.7,391.88,1856.88
2011,广东,6219.0,5337.0,219.0,256.0,677.0,205.0,26860.98,16258.05,4809.91,3441.91,46.65,1321.35,36137.07,6140.56,17.0,1780.19,2899.06
2011,广西,3154.0,2993.0,141.0,32.0,93.0,68.0,6884.95,4280.26,1517.47,1124.76,18.21,374.5,14264.02,2303.35,16.1,393.12,1706.73
2011,新疆,1421.0,1415.0,24.0,1.0,4.0,2.0,1606.15,1005.29,516.39,430.91,5.32,80.16,5481.44,1270.48,23.2,207.34,1631.95
2011,江苏,6404.0,5780.0,236.0,97.0,361.0,263.0,26999.85,16324.48,5567.94,3748.6,175.32,1644.02,40500.27,8448.24,20.9,2242.01,2653.82
2011,江西,2099.0,1984.0,109.0,12.0,86.0,29.0,4168.01,2627.18,867.03,644.99,8.51,213.53,8461.38,1906.06,22.5,348.36,1827.64
2011,河北,3226.0,3159.0,45.0,5.0,39.0,28.0,11197.17,6144.66,3054.59,2401.95,42.17,610.46,26670.81,5180.51,19.4,1282.08,2474.82
2011,河南,4963.0,4824.0,124.0,34.0,75.0,64.0,11064.46,6250.33,2626.54,2118.25,24.32,483.97,25343.32,5527.42,21.8,923.85,1671.4
2011,浙江,6080.0,5775.0,164.0,49.0,181.0,124.0,19049.02,11562.55,4137.25,2325.87,32.74,1778.65,29927.39,4528.59,15.1,1251.92,2764.49
2011,海南,859.0,796.0,43.0,1.0,45.0,18.0,3470.68,1763.39,650.78,527.47,10.05,113.27,3609.77,449.25,12.4,145.39,3236.33
2011,湖北,3648.0,3504.0,170.0,40.0,100.0,44.0,9041.97,5264.37,2066.48,1407.17,36.29,623.02,13922.07,3221.05,23.1,805.82,2501.72
2011,湖南,3524.0,3390.0,148.0,26.0,94.0,40.0,9529.37,5104.85,1943.82,1416.18,31.57,496.07,20341.84,4146.31,20.4,869.57,2097.21
2011,甘肃,1284.0,1261.0,57.0,24.0,14.0,9.0,1591.8,827.87,366.97,290.38,1.95,74.64,4099.43,743.77,18.1,158.4,2129.66
2011,福建,3576.0,2950.0,200.0,43.0,486.0,140.0,11838.41,7160.93,2406.34,1458.11,9.23,939.0,18937.98,2651.71,14.0,533.83,2013.17
2011,西藏,49.0,49.0,8.0,1.0,,,53.21,30.61,5.13,4.32,0.11,0.7,48.73,21.69,44.5,5.32,2451.66
2011,贵州,1946.0,1902.0,77.0,9.0,33.0,11.0,3777.93,2203.05,873.48,707.87,11.72,153.89,10260.58,1455.24,14.2,262.71,1805.26
2011,辽宁,3648.0,3249.0,75.0,15.0,243.0,156.0,18410.74,11320.56,4487.56,3606.74,119.95,760.86,34364.26,6322.78,18.4,1517.64,2400.28
2011,重庆,2453.0,2341.0,99.0,7.0,70.0,42.0,11518.48,6663.14,2015.09,1409.3,17.95,587.84,20397.24,3424.33,16.8,923.78,2697.7
2011,陕西,1430.0,1399.0,87.0,20.0,14.0,17.0,6029.27,3565.25,1410.9,1212.74,18.83,179.33,12221.95,1128.26,9.2,295.96,2623.2
2011,青海,400.0,393.0,11.0,1.0,4.0,3.0,605.41,343.35,144.69,121.78,0.4,22.52,1666.05,520.46,31.2,126.84,2437.12
2011,黑龙,2157.0,2113.0,88.0,6.0,25.0,19.0,4059.83,2153.67,1227.57,1006.04,10.67,210.86,12122.94,3231.34,26.7,536.33,1659.76
2012,上海,3132.0,2663.0,288.0,80.0,295.0,174.0,17703.63,12244.23,2381.36,1701.78,14.58,665.0,13249.97,2305.06,17.4,1060.07,4598.9
2012,云南,2707.0,2664.0,94.0,10.0,34.0,9.0,7693.86,4103.25,1782.14,1352.75,17.86,411.52,14362.0,1851.57,12.9,417.4,2254.28
2012,内蒙,2250.0,2243.0,33.0,2.0,4.0,3.0,6355.9,3675.55,1291.44,1044.78,19.72,226.94,16507.4,2449.13,14.8,525.13,2144.15
2012,北京,2981.0,2709.0,73.0,20.0,164.0,108.0,20749.06,14048.98,3153.44,1383.06,65.68,1704.7,13122.49,2390.86,18.2,736.77,3081.62
2012,吉林,1709.0,1679.0,21.0,4.0,21.0,9.0,5287.99,3200.87,1310.03,990.23,10.73,309.07,10935.8,1927.87,17.6,385.95,2001.96
2012,四川,4221.0,4059.0,121.0,22.0,87.0,75.0,13368.92,9869.51,3266.4,2503.18,55.41,707.8,29865.5,5866.58,19.6,1318.27,2247.09
2012,天津,1322.0,1208.0,222.0,18.0,63.0,51.0,10183.82,5453.82,1260.0,882.02,9.03,368.94,9864.22,2542.75,25.8,644.09,2533.05
2012,宁夏,480.0,476.0,3.0,4.0,1.0,3.0,2010.18,1067.16,429.15,356.39,2.67,70.09,5033.26,1151.97,22.9,259.64,2253.84
2012,安徽,3402.0,3300.0,120.0,17.0,62.0,40.0,15455.24,9509.16,3151.61,2387.01,39.59,725.01,24836.06,3965.39,16.0,955.32,2409.15
2012,山东,5841.0,5608.0,223.0,119.0,148.0,85.0,23453.16,13936.97,4708.31,3551.54,52.52,1104.25,42958.91,7324.97,17.1,1568.11,2140.77
2012,山西,2221.0,2201.0,99.0,16.0,13.0,7.0,4560.96,2691.89,1010.45,808.96,12.35,189.15,11714.28,1732.99,14.8,399.24,2303.75
2012,广东,6492.0,5601.0,213.0,228.0,685.0,206.0,31182.22,20253.26,5352.79,3821.1,48.28,1483.4,39296.27,6356.12,16.2,2079.84,3272.19
2012,广西,2934.0,2793.0,119.0,26.0,85.0,56.0,8293.07,5311.15,1554.94,1155.01,19.81,380.11,15018.46,2333.58,15.5,490.35,2101.28
2012,新疆,1509.0,1502.0,28.0,1.0,4.0,3.0,2492.61,1418.32,606.09,517.74,8.93,79.42,6896.55,1736.17,25.2,367.19,2114.93
2012,江苏,6357.0,5763.0,236.0,73.0,364.0,230.0,34092.32,20955.54,6206.1,4402.07,140.42,1663.61,45097.54,9848.4,21.8,2746.91,2789.19
2012,江西,2005.0,1901.0,96.0,14.0,79.0,25.0,4872.55,3193.95,969.62,777.33,11.91,180.37,9465.63,1747.48,18.5,369.78,2116.07
2012,河北,3178.0,3116.0,40.0,5.0,37.0,25.0,12691.26,7748.59,3086.52,2501.54,58.63,526.36,27577.83,4894.56,17.7,1132.49,2313.76
2012,河南,5316.0,5188.0,127.0,33.0,85.0,43.0,13665.95,7512.98,3035.29,2397.41,44.27,593.61,29559.36,5870.54,19.9,1059.08,1804.06
2012,浙江,6221.0,5917.0,165.0,45.0,184.0,120.0,23184.89,15151.48,5226.27,2744.77,41.58,2439.92,33422.97,4292.94,12.8,1242.87,2895.15
2012,海南,971.0,895.0,48.0,1.0,54.0,22.0,5110.41,2655.02,886.64,691.52,21.36,173.76,5109.49,856.41,16.8,362.02,4227.17
2012,湖北,3785.0,3660.0,165.0,32.0,90.0,35.0,10777.71,7069.42,2539.46,1902.65,56.16,580.65,16819.71,3273.71,19.5,876.31,2676.8
2012,湖南,3564.0,3435.0,138.0,23.0,91.0,38.0,11372.59,6632.5,2210.52,1669.93,34.75,505.84,21356.89,4457.97,20.9,1024.85,2298.92
2012,甘肃,1359.0,1336.0,57.0,23.0,15.0,8.0,2276.65,1247.11,561.02,464.69,6.68,89.65,5634.95,844.5,15.0,177.91,2106.64
2012,福建,3140.0,2644.0,170.0,35.0,386.0,110.0,14117.66,9316.19,2824.12,1925.9,23.31,874.91,21121.5,2232.78,10.6,506.62,2268.99
2012,西藏,45.0,45.0,7.0,1.0,,,55.44,33.56,6.87,6.51,0.18,0.19,47.33,9.23,19.5,3.76,4073.42
2012,贵州,2133.0,2091.0,76.0,8.0,32.0,10.0,6129.4,3563.03,1467.6,1121.58,19.28,326.73,13245.31,1416.77,10.7,278.44,1965.29
2012,辽宁,3961.0,3563.0,80.0,14.0,256.0,142.0,22729.23,14538.41,5455.82,4261.19,112.75,1081.88,38502.02,6438.15,16.7,1547.48,2403.61
2012,重庆,2552.0,2441.0,101.0,8.0,72.0,39.0,13424.13,8447.05,2508.35,1789.14,33.48,685.73,22009.03,3990.63,18.1,1121.76,2810.98
2012,陕西,1646.0,1612.0,103.0,18.0,15.0,19.0,9390.03,5128.9,1835.93,1522.4,23.93,289.61,15410.57,1653.94,10.7,429.56,2597.17
2012,青海,291.0,288.0,10.0,,2.0,1.0,969.09,486.76,189.68,138.53,1.14,50.01,1891.23,416.2,22.0,107.89,2592.31
2012,黑龙,2134.0,2094.0,78.0,4.0,23.0,17.0,5169.8,3180.91,1535.84,1263.54,12.41,259.9,13484.97,3245.73,24.1,641.54,1976.57
2013,上海,3045.0,2579.0,86.0,23.0,296.0,170.0,18088.73,12403.51,2819.59,1890.6,13.97,915.02,13516.58,2254.44,16.7,1052.76,4670.0
2013,云南,2736.0,2697.0,51.0,4.0,32.0,7.0,10063.39,5925.64,2488.33,1940.3,27.82,520.21,18260.72,2019.2,11.1,473.67,2346.0
2013,内蒙,2192.0,2184.0,16.0,1.0,4.0,4.0,7442.13,4443.26,1479.01,1206.73,19.9,252.37,18624.32,2638.24,14.2,629.53,2386.0
2013,北京,2957.0,2694.0,70.0,19.0,159.0,104.0,20668.85,14529.76,3483.4,1509.99,53.04,1920.37,13886.87,2666.35,19.2,781.26,2930.0
2013,吉林,1700.0,1670.0,6.0,1.0,21.0,9.0,5934.0,3916.69,1252.43,998.24,12.15,242.04,12181.28,2253.65,18.5,501.41,2225.0
2013,四川,3962.0,3829.0,56.0,14.0,70.0,63.0,15643.31,11580.46,3853.0,2924.38,79.43,849.19,32164.98,5108.86,15.9,1297.62,2540.0
2013,天津,1209.0,1103.0,85.0,12.0,54.0,52.0,12165.05,7047.92,1480.82,1066.86,13.32,400.64,10892.17,2805.37,25.8,749.05,2670.0
2013,宁夏,501.0,497.0,1.0,3.0,1.0,3.0,2631.39,1493.6,558.97,479.25,4.56,75.15,6043.23,1104.45,18.3,310.5,2811.0
2013,安徽,3418.0,3321.0,70.0,6.0,59.0,38.0,19840.91,12510.73,3946.23,3016.11,44.01,886.11,30235.2,5180.35,17.1,1341.82,2590.0
2013,山东,6113.0,5885.0,130.0,79.0,151.0,77.0,28400.75,17280.83,5444.53,4349.91,60.17,1034.45,50549.17,7508.52,14.9,1731.39,2306.0
2013,山西,2269.0,2254.0,73.0,10.0,9.0,6.0,5789.29,3669.46,1308.63,1112.28,14.36,181.99,14040.05,2284.82,16.3,498.46,2182.0
2013,广东,6581.0,5706.0,134.0,191.0,669.0,206.0,38206.81,24855.0,6489.59,4809.49,65.47,1614.63,46480.47,6273.3,13.5,2114.38,3370.0
2013,广西,2685.0,2557.0,75.0,19.0,76.0,52.0,9300.5,6373.39,1614.63,1281.99,19.58,313.06,16040.17,1712.68,10.7,390.89,2282.0
2013,新疆,1634.0,1628.0,13.0,1.0,4.0,2.0,3630.09,1867.21,825.69,708.25,13.89,103.55,9459.55,1722.16,18.2,363.02,2108.0
2013,江苏,6784.0,6164.0,101.0,43.0,392.0,228.0,39790.8,25331.58,7241.45,5248.9,171.7,1820.85,52574.17,9711.6,18.5,2975.51,3064.0
2013,江西,2080.0,1980.0,50.0,8.0,73.0,27.0,6307.85,3977.33,1174.58,931.48,15.43,227.66,11995.67,1790.26,14.9,386.26,2158.0
2013,河北,3283.0,3225.0,23.0,,33.0,25.0,15121.71,10074.32,3445.42,2867.96,75.28,502.17,29949.12,4437.02,14.8,1199.11,2703.0
2013,河南,5438.0,5318.0,91.0,19.0,78.0,42.0,19326.41,10066.25,3843.76,3132.97,57.26,653.52,35979.33,5965.87,16.6,1117.83,1874.0
2013,浙江,6114.0,5801.0,56.0,25.0,193.0,120.0,27683.59,19161.98,6216.25,3389.7,64.71,2761.84,37647.24,4692.34,12.5,1529.25,3259.0
2013,海南,1030.0,951.0,26.0,1.0,56.0,23.0,6752.14,3563.34,1196.76,895.94,14.68,286.14,6173.0,609.4,9.9,237.91,3904.0
2013,湖北,4267.0,4139.0,101.0,21.0,89.0,39.0,14461.31,9069.92,3286.02,2426.17,75.79,784.07,21865.81,3040.84,13.9,703.22,2313.0
2013,湖南,3739.0,3621.0,87.0,8.0,84.0,34.0,14209.82,8495.93,2628.32,2091.54,44.34,492.44,25400.09,4593.76,18.1,1157.16,2519.0
2013,甘肃,1399.0,1378.0,36.0,16.0,14.0,7.0,2981.44,1730.47,724.65,617.0,10.29,97.36,6848.4,915.56,13.4,208.2,2274.0
2013,福建,3187.0,2725.0,88.0,23.0,351.0,111.0,17341.99,12033.48,3702.97,2609.62,28.79,1064.57,26287.28,3369.76,12.8,815.57,2420.0
2013,西藏,29.0,29.0,,,,,46.6,28.31,9.68,9.27,0.03,0.37,57.7,18.09,31.4,6.16,3402.0
2013,贵州,2300.0,2261.0,30.0,4.0,30.0,9.0,9076.34,5298.96,1942.54,1501.43,23.56,417.55,17356.96,1764.78,10.2,356.49,2020.0
2013,辽宁,4082.0,3671.0,33.0,6.0,268.0,143.0,25890.13,17852.63,6450.75,5307.57,131.13,1012.05,41625.6,6151.97,14.8,1490.81,2423.0
2013,重庆,2594.0,2470.0,37.0,5.0,82.0,42.0,16539.2,10619.04,3012.78,2106.41,41.54,864.83,26251.89,3804.36,14.5,1152.25,3029.0
2013,陕西,1690.0,1656.0,62.0,7.0,17.0,17.0,10675.82,6045.79,2240.17,1934.8,27.85,277.52,17240.86,1511.67,8.8,430.73,2849.0
2013,青海,308.0,305.0,3.0,,2.0,1.0,1130.81,643.46,247.61,212.24,4.53,30.84,2376.64,592.62,24.9,160.76,2713.0
2013,黑龙,2118.0,2081.0,49.0,1.0,24.0,13.0,5781.02,3990.99,1604.83,1341.85,21.44,241.54,13567.37,2932.7,21.6,642.39,2190.0
2014,上海,2938.0,2486.0,68.0,17.0,303.0,149.0,20617.82,14728.69,3206.48,2076.59,17.05,1112.84,14690.18,2313.29,15.7,1058.42,4575.36
2014,云南,2783.0,2745.0,44.0,4.0,31.0,7.0,12054.48,7539.46,2846.65,2183.87,32.15,630.64,20034.58,1788.62,8.9,520.62,2910.73
2014,内蒙,2079.0,2073.0,10.0,1.0,3.0,3.0,7938.88,5056.79,1370.88,1167.85,17.33,185.7,18474.17,2012.08,10.9,538.79,2677.76
2014,北京,2811.0,2560.0,61.0,19.0,149.0,102.0,21752.37,16381.85,3715.33,1601.18,47.34,2066.82,13588.08,3054.12,22.5,984.0,3221.86
2014,吉林,1681.0,1653.0,6.0,1.0,21.0,7.0,6332.27,4152.82,1030.13,821.95,12.81,195.37,12268.44,1573.86,12.8,327.54,2081.1
2014,四川,4061.0,3919.0,47.0,11.0,76.0,66.0,18621.22,13059.19,4380.09,3295.85,78.35,1005.89,36499.35,5334.45,14.6,1439.17,2697.87
2014,天津,1246.0,1142.0,59.0,7.0,59.0,45.0,13190.09,7914.28,1699.65,1180.88,10.88,507.89,10652.37,2924.82,27.5,759.42,2596.48
2014,宁夏,534.0,530.0,1.0,,1.0,3.0,3315.05,1985.45,654.8,579.44,5.08,70.27,7019.37,1203.68,17.1,299.33,2486.76
2014,安徽,3731.0,3634.0,58.0,6.0,62.0,35.0,22643.46,14762.45,4338.96,3316.71,51.6,970.65,33479.11,5196.37,15.5,1416.19,2725.35
2014,山东,6373.0,6150.0,112.0,64.0,154.0,69.0,32068.04,20855.66,5817.95,4663.72,64.93,1089.31,54508.45,7787.31,14.3,1786.02,2293.5
2014,山西,2452.0,2434.0,71.0,8.0,12.0,6.0,6969.8,4449.43,1403.55,1142.91,22.81,237.84,15476.89,2182.48,14.1,655.3,3002.57
2014,广东,7138.0,6232.0,113.0,164.0,697.0,209.0,44095.87,30627.28,7638.45,5427.18,78.03,2133.25,53977.47,7327.99,13.6,2634.41,3595.0
2014,广西,2491.0,2383.0,59.0,12.0,64.0,44.0,10284.68,7044.48,1838.49,1465.53,41.42,331.54,17472.15,1865.98,10.7,456.01,2443.83
2014,新疆,1808.0,1803.0,12.0,1.0,4.0,1.0,4628.15,2520.03,1014.81,871.25,18.41,125.15,11288.65,2086.08,18.5,489.8,2347.93
2014,江苏,6829.0,6215.0,79.0,33.0,408.0,206.0,46967.7,30606.82,8240.22,6025.88,129.41,2084.93,57637.72,9620.47,16.7,2978.17,3095.66
2014,江西,2077.0,1985.0,42.0,5.0,69.0,23.0,7307.53,4689.81,1322.49,1065.23,17.66,239.6,13332.64,1871.79,14.0,447.54,2390.96
2014,河北,3387.0,3332.0,16.0,,35.0,20.0,16813.56,11109.02,4059.72,3265.74,90.37,703.61,31628.39,4037.56,12.8,1138.41,2819.55
2014,河南,5662.0,5559.0,73.0,11.0,67.0,36.0,21485.29,12471.37,4375.71,3704.57,87.05,584.1,38857.6,7324.34,18.8,1417.52,1935.35
2014,浙江,6383.0,6037.0,56.0,18.0,222.0,124.0,32628.07,23757.74,7262.38,3935.07,67.99,3259.31,42144.35,6390.17,15.2,2291.56,3586.07
2014,海南,1180.0,1099.0,28.0,,61.0,20.0,8169.67,4888.21,1431.65,1087.71,21.42,322.53,7557.15,1203.9,15.9,682.69,5670.69
2014,湖北,4214.0,4104.0,84.0,17.0,82.0,28.0,17610.53,11769.24,3983.79,3092.49,67.78,823.51,26321.99,3431.18,13.0,958.11,2792.36
2014,湖南,3808.0,3707.0,72.0,6.0,73.0,28.0,16181.72,10291.6,2883.57,2283.92,50.73,548.91,27747.75,4022.89,14.5,1006.23,2501.27
2014,甘肃,1479.0,1460.0,31.0,13.0,13.0,6.0,3490.29,2191.61,721.47,647.84,12.3,61.33,7660.3,813.22,10.6,174.8,2149.44
2014,福建,3280.0,2857.0,74.0,19.0,315.0,108.0,20041.24,15139.07,4567.4,3195.56,34.83,1337.01,30051.77,3583.57,11.9,883.63,2465.78
2014,西藏,45.0,45.0,1.0,,,,143.23,73.26,52.91,41.68,1.56,9.67,273.17,52.47,19.2,14.96,2850.86
2014,贵州,2591.0,2552.0,29.0,3.0,30.0,9.0,11682.7,6991.78,2187.67,1832.46,19.15,336.05,20369.36,2842.32,14.0,625.48,2200.6
2014,辽宁,4021.0,3617.0,24.0,6.0,263.0,141.0,26088.28,19313.41,5301.31,4524.98,110.31,666.02,38616.88,6146.96,15.9,1548.47,2519.08
2014,重庆,2695.0,2560.0,35.0,2.0,96.0,39.0,19291.4,13353.27,3630.23,2600.24,40.74,989.25,28623.93,3717.78,13.0,1243.33,3344.29
2014,陕西,1941.0,1904.0,61.0,8.0,18.0,19.0,12862.22,7680.11,2426.49,2095.31,29.21,301.98,19466.1,2188.91,11.2,595.88,2722.28
2014,青海,325.0,322.0,3.0,,2.0,1.0,1334.55,849.28,308.27,266.14,3.27,38.86,2545.9,559.49,22.0,160.2,2863.31
2014,黑龙,2154.0,2119.0,47.0,1.0,24.0,11.0,6456.37,4576.63,1324.09,1101.4,24.95,197.75,14218.09,3000.9,21.1,730.01,2432.62
2015,上海,2758.0,2354.0,54.0,15.0,273.0,131.0,23212.56,17110.21,3468.94,2212.04,15.15,1241.75,15095.33,2647.18,17.5,1488.32,5622.0
2015,云南,2649.0,2610.0,37.0,4.0,30.0,9.0,13481.11,9357.17,2669.01,2191.0,29.46,448.56,20722.2,2546.74,12.3,739.5,2904.0
2015,内蒙,2048.0,2043.0,7.0,1.0,2.0,3.0,8147.17,5449.23,1081.05,959.7,8.77,112.58,17641.28,1697.16,9.6,459.82,2709.0
2015,北京,2784.0,2545.0,60.0,16.0,141.0,98.0,23192.24,18036.55,4177.05,1297.87,22.97,2856.21,12993.08,2631.45,20.3,965.55,3669.0
2015,吉林,1727.0,1702.0,6.0,1.0,17.0,8.0,6750.58,4531.7,924.24,717.09,8.11,199.04,11566.47,1287.4,11.1,307.85,2391.0
2015,四川,4032.0,3903.0,43.0,8.0,75.0,54.0,21542.31,15757.12,4813.03,3685.76,84.85,1042.42,38981.36,4545.71,11.7,1289.09,2836.0
2015,天津,1267.0,1164.0,56.0,6.0,58.0,45.0,14094.61,8957.81,1871.55,1328.3,13.04,530.21,10230.22,2903.57,28.4,885.83,3051.0
2015,宁夏,539.0,535.0,1.0,,2.0,2.0,3652.24,2398.71,633.64,553.2,6.02,74.43,7045.68,1168.98,16.6,291.6,2494.0
2015,安徽,3620.0,3537.0,46.0,6.0,55.0,28.0,25105.3,17167.71,4424.86,3578.86,58.45,787.54,34244.67,5537.74,16.2,1499.29,2707.0
2015,山东,6606.0,6395.0,104.0,59.0,145.0,66.0,35191.13,23907.76,5892.16,4607.7,58.45,1226.01,57206.44,8277.76,14.5,1909.34,2307.0
2015,山西,2430.0,2410.0,66.0,7.0,13.0,7.0,7902.71,5075.83,1494.87,1176.94,23.8,294.13,15734.48,2114.49,13.4,571.32,2702.0
2015,广东,7341.0,6451.0,103.0,146.0,689.0,201.0,50293.61,37218.78,8538.47,6048.4,99.21,2390.86,57941.86,6044.43,10.4,2256.69,3734.0
2015,广西,2423.0,2329.0,52.0,11.0,57.0,37.0,11380.05,8101.75,1909.09,1526.23,23.3,359.57,18608.36,1675.18,9.0,470.43,2808.0
2015,新疆,1855.0,1850.0,13.0,1.0,4.0,1.0,5000.27,2897.73,998.88,853.01,17.33,128.53,11465.44,1608.58,14.0,370.0,2300.0
2015,江苏,6642.0,6056.0,69.0,32.0,396.0,190.0,50613.49,35253.66,8153.68,6186.3,118.93,1848.46,58118.44,10296.96,17.7,3503.0,3402.0
2015,江西,2187.0,2095.0,37.0,5.0,71.0,21.0,9096.57,5811.08,1520.1,1227.03,23.15,269.92,15293.6,1907.89,12.5,505.9,2652.0
2015,河北,3181.0,3130.0,9.0,,33.0,18.0,17578.58,12001.97,4285.27,3591.35,91.52,602.4,30434.76,4039.31,13.3,1253.87,3104.0
2015,河南,6158.0,6069.0,66.0,6.0,60.0,29.0,24450.9,14530.53,4818.93,4125.77,117.27,575.89,40994.4,5390.32,13.1,1079.75,2003.0
2015,浙江,6252.0,5911.0,51.0,15.0,225.0,116.0,33281.85,26208.77,7111.93,3922.53,62.38,3127.01,41687.33,5892.86,14.1,2301.64,3906.0
2015,海南,1103.0,1037.0,24.0,1.0,51.0,15.0,9834.05,6363.63,1704.0,1183.32,13.61,507.07,8316.98,1068.59,12.8,514.16,4812.0
2015,湖北,4212.0,4107.0,75.0,14.0,78.0,27.0,19986.24,14093.7,4249.23,3243.5,68.09,937.64,28296.28,2785.17,9.8,798.57,2867.0
2015,湖南,3710.0,3623.0,65.0,6.0,62.0,25.0,17474.36,11552.76,2613.75,2166.15,40.17,407.42,28322.13,3969.96,14.0,1221.38,3077.0
2015,甘肃,1533.0,1516.0,30.0,12.0,12.0,5.0,3897.53,2619.16,768.06,678.49,11.17,78.4,8586.18,962.24,11.2,244.34,2539.0
2015,福建,3151.0,2773.0,71.0,17.0,283.0,95.0,22017.23,18031.78,4469.61,3168.04,39.87,1261.7,30891.14,3436.56,11.1,938.7,2732.0
2015,西藏,45.0,45.0,1.0,,,,179.73,119.08,50.02,48.05,0.78,1.19,380.62,92.27,24.2,30.68,3324.0
2015,贵州,2633.0,2595.0,29.0,3.0,29.0,9.0,12855.29,8451.48,2205.09,1900.01,24.67,280.41,20877.67,2582.68,12.4,890.87,3449.0
2015,辽宁,3514.0,3166.0,19.0,4.0,233.0,115.0,23120.45,17402.3,3558.64,3109.79,44.11,404.74,29283.18,3237.53,11.1,910.18,2811.0
2015,重庆,2585.0,2450.0,31.0,2.0,99.0,36.0,21344.93,15418.9,3751.28,2632.39,38.59,1080.3,28985.67,4630.29,16.0,1595.4,3446.0
2015,陕西,2070.0,2031.0,62.0,10.0,23.0,16.0,14631.8,8916.48,2494.29,2153.66,24.57,316.05,20752.16,1681.5,8.1,463.65,2757.0
2015,青海,330.0,329.0,3.0,,,1.0,1484.32,1058.62,336.0,266.16,12.34,57.51,2585.59,454.41,17.6,120.36,2649.0
2015,黑龙,2041.0,2012.0,39.0,1.0,19.0,10.0,6060.52,4287.53,992.15,856.94,11.41,123.79,12410.35,2924.21,23.6,675.33,2309.0
2016,上海,2682.0,2286.0,39.0,13.0,279.0,117.0,25644.95,18429.6,3709.03,2220.89,21.94,1466.2,15111.24,2550.64,16.9,1472.33,5772.0
2016,云南,2618.0,2581.0,28.0,4.0,29.0,8.0,15310.6,10730.65,2688.34,2192.8,42.08,453.46,20593.19,2115.08,10.3,586.95,2775.0
2016,内蒙,1989.0,1984.0,6.0,,3.0,2.0,8580.29,5818.58,1133.48,1006.34,14.81,112.33,16906.28,1664.02,9.8,415.38,2496.0
2016,北京,2654.0,2431.0,53.0,17.0,129.0,94.0,25006.5,19437.38,4000.57,1332.29,20.8,2647.48,12976.0,2369.95,18.3,839.97,3544.0
2016,吉林,1791.0,1768.0,6.0,1.0,18.0,5.0,6917.03,4771.64,1016.76,829.57,10.12,177.08,11797.33,1351.65,11.5,313.79,2322.0
2016,四川,4061.0,3934.0,32.0,6.0,76.0,51.0,23951.76,18000.11,5282.64,4147.61,108.28,1026.75,41532.14,7050.24,17.0,2002.5,2840.0
2016,天津,1291.0,1190.0,49.0,5.0,58.0,43.0,15426.78,10103.55,2300.01,1409.94,13.13,876.94,9349.76,2914.25,31.2,1081.2,3710.0
2016,宁夏,563.0,558.0,1.0,,3.0,2.0,3981.2,2903.78,728.16,628.54,7.93,91.69,7110.06,1294.55,18.2,344.94,2665.0
2016,安徽,3768.0,3688.0,36.0,5.0,54.0,26.0,28041.43,19853.46,4603.56,3746.99,89.31,767.26,35645.44,5382.95,15.1,1544.37,2869.0
2016,山东,6928.0,6705.0,89.0,55.0,159.0,64.0,38155.92,26847.39,6323.38,5112.56,67.98,1142.85,59957.07,8253.5,13.8,1873.7,2270.0
2016,山西,2485.0,2465.0,63.0,7.0,13.0,7.0,8892.58,6111.23,1597.35,1293.52,22.14,281.7,17069.25,2683.59,15.7,785.57,2927.0
2016,广东,7658.0,6792.0,92.0,136.0,677.0,189.0,57620.45,44244.39,10307.8,7325.72,99.12,2882.96,64233.8,6593.75,10.3,2493.4,3781.0
2016,广西,2474.0,2381.0,35.0,10.0,58.0,35.0,13268.79,9698.29,2397.99,1867.67,26.72,503.6,21134.65,1735.05,8.2,433.73,2500.0
2016,新疆,1927.0,1922.0,9.0,1.0,4.0,1.0,5184.66,3414.18,923.4,803.4,21.37,98.63,11530.59,1695.91,14.7,389.95,2299.0
2016,江苏,6626.0,6053.0,50.0,29.0,395.0,178.0,55012.08,39182.94,8956.37,6604.18,141.68,2210.5,58761.73,10073.96,17.1,3678.24,3651.0
2016,江西,2297.0,2214.0,36.0,2.0,67.0,16.0,10360.79,6963.99,1770.94,1471.48,29.29,270.18,16427.25,1635.61,10.0,413.92,2531.0
2016,河北,3279.0,3228.0,7.0,,32.0,19.0,19475.89,13701.89,4695.63,4045.9,110.35,539.38,30476.78,4287.78,14.1,1139.31,2657.0
2016,河南,6687.0,6598.0,58.0,4.0,62.0,27.0,29267.28,17780.99,6179.13,4974.04,170.72,1034.37,47359.55,6299.44,13.3,1260.41,2001.0
2016,浙江,6274.0,5935.0,40.0,9.0,232.0,107.0,34950.04,29107.59,7469.37,4165.81,86.69,3216.87,41609.78,7925.4,19.0,3079.61,3886.0
2016,海南,1189.0,1126.0,19.0,2.0,49.0,14.0,11128.21,7818.03,1787.6,1363.62,13.69,410.29,8936.78,1674.61,18.7,669.52,3998.0
2016,湖北,4200.0,4095.0,63.0,12.0,82.0,23.0,22221.03,17028.4,4296.38,3377.98,75.45,842.96,29879.88,3127.49,10.5,940.66,3008.0
2016,湖南,3769.0,3677.0,55.0,5.0,69.0,23.0,18797.51,13257.62,2957.04,2442.84,48.73,465.48,30139.38,4533.74,15.0,1189.42,2623.0
2016,甘肃,1664.0,1649.0,29.0,9.0,11.0,4.0,4342.0,2933.71,850.03,736.39,15.38,98.27,8933.24,991.73,11.1,254.25,2564.0
2016,福建,3177.0,2817.0,62.0,15.0,273.0,87.0,23593.01,20590.91,4588.83,3275.72,33.81,1279.3,31064.14,3665.25,11.8,1009.6,2755.0
2016,西藏,49.0,49.0,1.0,,,,195.31,151.84,48.54,44.75,1.47,2.31,348.77,31.53,9.0,10.24,3247.0
2016,贵州,2638.0,2597.0,26.0,2.0,32.0,9.0,14041.72,9967.87,2148.96,1878.93,25.25,244.78,20352.24,1901.45,9.3,469.47,2469.0
2016,辽宁,3257.0,2935.0,14.0,3.0,223.0,99.0,21656.15,15792.28,2094.85,1719.99,41.12,333.73,26364.11,2709.29,10.3,788.2,2909.0
2016,重庆,2467.0,2332.0,14.0,2.0,102.0,33.0,22129.52,17354.14,3725.95,2837.9,39.65,848.4,27363.39,4421.3,16.2,1411.77,3193.0
2016,陕西,2177.0,2135.0,50.0,9.0,28.0,14.0,17024.26,10500.07,2736.75,2366.16,43.97,326.62,22297.53,2431.7,10.9,648.61,2667.0
2016,青海,353.0,352.0,,,,1.0,1696.09,1240.28,396.92,323.78,8.73,64.41,2847.71,386.67,13.6,111.39,2881.0
2016,黑龙,1956.0,1931.0,31.0,1.0,15.0,10.0,5983.43,4117.61,864.84,754.9,9.84,100.1,10865.75,2375.61,21.9,599.75,2525.0
2017,上海,2637.0,2253.0,32.0,13.0,268.0,116.0,28332.93,20657.78,3856.53,2104.85,28.66,1723.02,15362.25,3387.56,22.1,2054.31,6064.0
2017,云南,2605.0,2568.0,28.0,5.0,31.0,6.0,16479.06,12197.71,2786.25,2315.03,28.78,442.44,21085.35,2419.63,11.5,681.22,2815.0
2017,内蒙,1803.0,1799.0,4.0,,2.0,2.0,8396.79,5685.44,889.72,773.46,15.52,100.75,15815.41,1714.24,10.8,429.31,2504.0
2017,北京,2400.0,2203.0,37.0,15.0,115.0,82.0,27721.07,21029.63,3692.54,1161.53,22.43,2508.58,12412.74,1466.67,11.8,600.35,4093.0
2017,吉林,1782.0,1761.0,4.0,1.0,16.0,5.0,7352.22,5287.34,910.14,743.55,10.64,155.94,11887.33,1478.85,12.4,335.82,2271.0
2017,四川,4010.0,3893.0,23.0,4.0,73.0,44.0,25497.86,18736.34,5149.89,4073.92,102.44,973.53,41294.89,5620.73,13.6,1571.4,2796.0
2017,天津,1249.0,1164.0,35.0,4.0,45.0,40.0,16709.07,11378.1,2233.39,1148.45,5.81,1079.14,8795.82,2023.41,23.0,741.34,3664.0
2017,宁夏,561.0,556.0,1.0,,3.0,2.0,4223.91,3250.44,652.84,561.53,9.08,82.23,6836.71,1328.62,19.4,353.2,2658.0
2017,安徽,3889.0,3817.0,30.0,4.0,55.0,17.0,33463.64,23261.86,5612.47,4242.48,78.91,1291.09,39169.24,4747.71,12.1,1269.6,2674.0
2017,山东,7126.0,6909.0,81.0,48.0,155.0,62.0,41981.04,29495.77,6637.25,5367.17,87.76,1182.32,63563.24,8429.06,13.3,1987.46,2358.0
2017,山西,2379.0,2362.0,56.0,5.0,12.0,5.0,9612.97,6236.71,1166.28,880.49,14.55,271.24,16473.4,1969.92,12.0,529.46,2688.0
2017,广东,8203.0,7381.0,74.0,130.0,639.0,183.0,68438.4,53621.0,12075.69,8328.87,120.46,3626.36,72492.1,8196.34,11.3,2871.97,3504.0
2017,广西,2541.0,2458.0,32.0,7.0,48.0,35.0,15797.06,11542.65,2683.48,2058.57,35.21,589.7,22689.62,1856.24,8.2,518.13,2791.0
2017,新疆,1935.0,1930.0,8.0,1.0,5.0,,5707.74,3903.2,1037.86,850.5,18.44,168.92,11597.26,1680.48,14.5,416.85,2481.0
2017,江苏,6530.0,5980.0,47.0,21.0,385.0,165.0,61844.03,43629.92,9629.11,6566.11,126.17,2936.83,59464.23,9581.73,16.1,3429.35,3579.0
2017,江西,2452.0,2377.0,32.0,,58.0,17.0,12507.78,8397.04,2013.98,1668.94,45.76,299.28,18806.79,1854.4,9.9,441.22,2379.0
2017,河北,3317.0,3269.0,6.0,,27.0,21.0,21004.4,14906.3,4823.91,4171.45,113.73,538.73,30318.32,3416.0,11.3,971.32,2843.0
2017,河南,7205.0,7116.0,56.0,3.0,65.0,24.0,34381.0,21115.44,7090.25,5511.54,158.61,1420.1,49942.29,6201.71,12.4,1270.17,2048.0
2017,浙江,6336.0,6020.0,36.0,9.0,221.0,95.0,38684.7,30288.05,8226.78,4185.8,82.45,3958.53,41236.24,6884.18,16.7,2809.74,4081.0
2017,海南,1251.0,1189.0,17.0,2.0,48.0,14.0,13315.2,9542.66,2053.11,1577.41,17.37,458.33,9567.39,1267.16,13.2,515.61,4069.0
2017,湖北,4059.0,3954.0,48.0,12.0,78.0,27.0,25209.45,18466.37,4574.89,3232.22,102.53,1240.14,30510.48,3219.72,10.6,993.68,3086.0
2017,湖南,3898.0,3811.0,48.0,4.0,66.0,21.0,20958.28,15084.08,3426.13,2832.27,57.05,536.81,31691.19,4084.05,12.9,1070.93,2622.0
2017,甘肃,1716.0,1701.0,27.0,7.0,11.0,4.0,4850.69,3174.13,944.52,786.78,13.06,144.67,9153.46,847.91,9.3,236.52,2789.0
2017,福建,3240.0,2899.0,63.0,12.0,254.0,87.0,26444.07,23351.57,4794.23,3126.26,39.52,1628.45,31939.55,4266.69,13.4,1305.56,3060.0
2017,西藏,49.0,49.0,1.0,,,,149.73,114.12,40.36,34.22,0.72,5.42,229.85,43.57,19.0,8.32,1911.0
2017,贵州,2674.0,2632.0,24.0,1.0,33.0,9.0,14455.97,10917.29,2201.0,1898.91,23.69,278.4,20385.43,1171.7,5.7,256.31,2188.0
2017,辽宁,3119.0,2819.0,14.0,2.0,213.0,87.0,21645.0,16242.4,2289.67,1871.3,34.42,383.95,25906.89,2788.28,10.8,846.8,3037.0
2017,重庆,2316.0,2191.0,10.0,,96.0,29.0,23910.39,19277.57,3980.08,2949.5,62.01,968.57,25960.99,5055.73,19.5,1721.01,3404.0
2017,陕西,2326.0,2288.0,42.0,8.0,24.0,14.0,19300.08,12568.95,3101.97,2516.67,71.97,513.34,23630.1,2392.05,10.1,741.77,3101.0
2017,青海,321.0,318.0,,,2.0,1.0,1968.09,1406.62,408.59,345.32,12.78,50.49,2936.71,440.9,15.0,137.48,3118.0
2017,黑龙,1968.0,1941.0,27.0,1.0,18.0,9.0,6274.76,4313.53,815.6,692.58,10.17,112.85,10328.47,1651.17,16.0,396.22,2400.0
2018,上海,2568.0,2204.0,16.0,11.0,252.0,112.0,30220.35,22265.98,4033.18,1971.77,25.75,2035.67,14672.37,3115.76,21.2,1941.04,6229.74
2018,云南,2768.0,2732.0,29.0,4.0,26.0,10.0,18055.0,13362.65,3247.23,2389.95,20.71,836.58,21800.41,1447.28,6.6,457.61,3161.89
2018,内蒙,1741.0,1738.0,3.0,,2.0,1.0,8299.12,5496.02,882.85,713.68,14.93,154.24,15053.71,1415.72,9.4,335.84,2372.22
2018,北京,1551.0,1445.0,20.0,6.0,60.0,46.0,28717.76,22020.81,3873.35,1160.58,12.7,2700.08,12962.61,1557.9,12.0,651.47,4181.75
2018,吉林,1702.0,1682.0,3.0,,14.0,6.0,7581.11,5334.12,1175.88,871.38,13.88,290.61,12079.52,1519.96,12.6,354.76,2334.01
2018,四川,4166.0,4073.0,20.0,3.0,58.0,35.0,29695.79,19533.38,5697.87,3954.19,101.18,1642.49,44065.92,5635.3,12.8,1618.77,2872.55
2018,天津,1169.0,1102.0,27.0,4.0,38.0,29.0,19152.49,12310.37,2424.49,880.07,7.3,1537.12,10324.37,2092.22,20.3,831.24,3972.99
2018,宁夏,538.0,533.0,,,2.0,3.0,4402.95,3306.14,449.57,353.42,6.65,89.5,6047.78,1213.98,20.1,326.92,2692.94
2018,安徽,3939.0,3903.0,31.0,1.0,28.0,8.0,36071.76,24678.21,5974.11,4067.45,80.87,1825.79,41128.34,4488.4,10.9,1309.26,2916.98
2018,山东,7721.0,7496.0,70.0,48.0,155.0,70.0,47621.02,31296.96,7552.97,5669.83,87.93,1795.22,69063.06,10512.57,15.2,2483.19,2362.11
2018,山西,2418.0,2405.0,51.0,4.0,7.0,6.0,10685.51,6411.86,1376.59,961.39,15.6,399.6,16949.56,1407.95,8.3,372.61,2646.44
2018,广东,8721.0,7923.0,66.0,111.0,603.0,195.0,83266.57,62717.88,14412.19,8429.72,132.46,5850.01,79935.06,7615.25,9.5,3021.33,3967.47
2018,广西,2684.0,2620.0,27.0,7.0,34.0,30.0,18175.04,13162.54,3004.13,2166.36,40.36,797.41,25399.02,2192.94,8.6,619.88,2826.72
2018,新疆,1865.0,1863.0,6.0,1.0,2.0,,6357.49,4325.53,1033.44,694.03,15.39,324.02,11574.72,1183.49,10.2,334.49,2826.28
2018,江苏,6723.0,6175.0,39.0,20.0,386.0,162.0,71809.76,48982.67,10982.34,6578.52,147.77,4256.04,62673.47,8536.27,13.6,3294.53,3859.45
2018,江西,2601.0,2542.0,31.0,,48.0,11.0,14325.3,9276.77,2174.93,1609.03,41.39,524.51,20738.65,2031.76,9.8,519.92,2558.94
2018,河北,3449.0,3406.0,6.0,,22.0,21.0,21115.35,13931.82,4476.4,3797.81,89.85,588.74,28172.06,2390.41,8.5,623.06,2606.51
2018,河南,7536.0,7466.0,49.0,3.0,50.0,20.0,40754.46,24345.21,7015.47,5331.81,185.13,1498.53,54685.56,6655.23,12.2,1413.25,2123.52
2018,浙江,6818.0,6511.0,27.0,10.0,207.0,100.0,46487.25,33001.78,9944.93,3642.13,73.68,6229.12,44537.06,5189.67,11.7,2219.02,4275.83
2018,海南,1199.0,1140.0,16.0,4.0,45.0,14.0,13169.78,9962.92,1715.04,1304.15,15.29,395.6,9574.56,1186.81,12.4,501.7,4227.31
2018,湖北,4300.0,4195.0,41.0,11.0,72.0,33.0,29087.3,19773.12,4693.12,3138.78,72.27,1482.07,31315.6,2773.99,8.9,848.61,3059.18
2018,湖南,4128.0,4048.0,39.0,4.0,58.0,22.0,24255.65,17134.86,3945.95,3114.34,83.88,747.73,35781.53,4160.98,11.6,1157.04,2780.68
2018,甘肃,1668.0,1656.0,22.0,7.0,8.0,4.0,5390.57,3612.3,1116.39,845.55,18.97,251.87,9428.51,752.34,8.0,180.58,2400.21
2018,福建,3351.0,3044.0,46.0,10.0,224.0,83.0,29040.72,24590.72,4940.34,2759.63,53.75,2126.96,32825.97,3739.02,11.4,1137.79,3043.02
2018,西藏,60.0,60.0,1.0,,,,280.05,176.61,92.6,77.54,1.0,14.07,358.61,49.94,13.9,12.69,2541.84
2018,贵州,2651.0,2618.0,18.0,1.0,23.0,10.0,15901.96,10765.4,2349.23,1913.08,22.18,413.97,21953.33,1279.64,5.8,307.96,2406.59
2018,辽宁,2998.0,2750.0,11.0,3.0,180.0,68.0,21524.48,15929.4,2599.27,1553.28,31.31,1014.68,24216.83,2273.85,9.4,585.17,2573.46
2018,重庆,2250.0,2142.0,8.0,,78.0,30.0,27999.8,21734.94,4248.76,2490.94,50.41,1707.41,27226.56,4083.45,15.0,1555.97,3810.41
2018,陕西,2508.0,2471.0,40.0,8.0,23.0,14.0,22213.5,14025.36,3534.67,2545.49,41.78,947.4,24618.05,1524.66,6.2,461.4,3026.24
2018,青海,293.0,292.0,,,,1.0,1948.61,1397.72,351.82,278.84,10.25,62.73,2549.21,319.91,12.5,137.22,4289.38
2018,黑龙,1853.0,1828.0,27.0,1.0,14.0,11.0,6415.84,4462.25,944.4,727.28,9.97,207.16,10588.25,1203.46,11.4,287.71,2390.7
2019,上海,,,,,,,,,,,,,,,,,
2019,云南,,,,,,,,,,,,,,,,,
2019,内蒙,,,,,,,,,,,,,,,,,
2019,北京,,,,,,,,,,,,,,,,,
2019,吉林,,,,,,,,,,,,,,,,,
2019,四川,,,,,,,,,,,,,,,,,
2019,天津,,,,,,,,,,,,,,,,,
2019,宁夏,,,,,,,,,,,,,,,,,
2019,安徽,,,,,,,,,,,,,,,,,
2019,山东,,,,,,,,,,,,,,,,,
2019,山西,,,,,,,,,,,,,,,,,
2019,广东,,,,,,,,,,,,,,,,,
2019,广西,,,,,,,,,,,,,,,,,
2019,新疆,,,,,,,,,,,,,,,,,
2019,江苏,,,,,,,,,,,,,,,,,
2019,江西,,,,,,,,,,,,,,,,,
2019,河北,,,,,,,,,,,,,,,,,
2019,河南,,,,,,,,,,,,,,,,,
2019,浙江,,,,,,,,,,,,,,,,,
2019,海南,,,,,,,,,,,,,,,,,
2019,湖北,,,,,,,,,,,,,,,,,
2019,湖南,,,,,,,,,,,,,,,,,
2019,甘肃,,,,,,,,,,,,,,,,,
2019,福建,,,,,,,,,,,,,,,,,
2019,西藏,,,,,,,,,,,,,,,,,
2019,贵州,,,,,,,,,,,,,,,,,
2019,辽宁,,,,,,,,,,,,,,,,,
2019,重庆,,,,,,,,,,,,,,,,,
2019,陕西,,,,,,,,,,,,,,,,,
2019,青海,,,,,,,,,,,,,,,,,
2019,黑龙,,,,,,,,,,,,,,,,,
