year,month,company,sales
2009,1,斗山,596.0
2009,1,现代江苏,99.0
2009,1,小松,263.0
2009,1,日立,184.0
2009,1,神钢,140.0
2009,1,住友,7.0
2009,1,久保田,49.0
2009,1,约翰迪尔,11.0
2009,1,洋马,5.0
2009,1,卡特彼勒,98.0
2009,1,沃尔沃,97.0
2009,1,利勃海尔,1.0
2009,1,玉柴,83.0
2009,1,中联,24.0
2009,1,三一,120.0
2009,1,徐挖,16.0
2009,1,柳工,121.0
2009,1,山东临工,65.0
2009,1,福田雷沃,130.0
2009,1,山河智能,130.0
2009,1,厦工,40.0
2009,1,山重,25.0
2009,1,力士德,19.0
2009,1,卡特重工,22.0
2009,1,彭浦,16.0
2009,1,开元,20.0
2009,1,京城,76.0
2009,1,詹阳,10.0
2010,1,斗山,1382.0
2010,1,现代江苏,597.0
2010,1,小松,881.0
2010,1,日立,584.0
2010,1,神钢,269.0
2010,1,住友,24.0
2010,1,久保田,172.0
2010,1,约翰迪尔,206.0
2010,1,洋马,8.0
2010,1,卡特彼勒,415.0
2010,1,沃尔沃,176.0
2010,1,利勃海尔,11.0
2010,1,玉柴,296.0
2010,1,中联,84.0
2010,1,三一,793.0
2010,1,徐挖,46.0
2010,1,柳工,448.0
2010,1,山东临工,173.0
2010,1,福田雷沃,346.0
2010,1,山河智能,409.0
2010,1,厦工,188.0
2010,1,山重,119.0
2010,1,力士德,99.0
2010,1,卡特重工,79.0
2010,1,彭浦,46.0
2010,1,开元,52.0
2010,1,京城,333.0
2010,1,詹阳,35.0
2011,1,斗山,910.0
2011,1,现代江苏,1147.0
2011,1,小松,1137.0
2011,1,日立,707.0
2011,1,神钢,63.0
2011,1,住友,59.0
2011,1,久保田,232.0
2011,1,约翰迪尔,507.0
2011,1,洋马,0.0
2011,1,卡特彼勒,660.0
2011,1,沃尔沃,17.0
2011,1,利勃海尔,26.0
2011,1,玉柴,408.0
2011,1,中联,142.0
2011,1,三一,1579.0
2011,1,徐挖,50.0
2011,1,柳工,639.0
2011,1,山东临工,161.0
2011,1,福田雷沃,320.0
2011,1,山河智能,491.0
2011,1,厦工,319.0
2011,1,山重,206.0
2011,1,力士德,180.0
2011,1,卡特重工,112.0
2011,1,彭浦,51.0
2011,1,开元,47.0
2011,1,京城,541.0
2011,1,詹阳,47.0
2012,1,斗山,403.0
2012,1,现代江苏,328.0
2012,1,小松,362.0
2012,1,日立,346.0
2012,1,神钢,385.0
2012,1,住友,42.0
2012,1,久保田,80.0
2012,1,约翰迪尔,243.0
2012,1,洋马,7.0
2012,1,卡特彼勒,307.0
2012,1,沃尔沃,458.0
2012,1,利勃海尔,54.0
2012,1,玉柴,135.0
2012,1,中联,82.0
2012,1,三一,602.0
2012,1,徐挖,0.0
2012,1,柳工,217.0
2012,1,山东临工,66.0
2012,1,福田雷沃,149.0
2012,1,山河智能,190.0
2012,1,厦工,111.0
2012,1,山重,161.0
2012,1,力士德,226.0
2012,1,卡特重工,72.0
2012,1,彭浦,6.0
2012,1,开元,34.0
2012,1,京城,393.0
2012,1,詹阳,25.0
2013,1,斗山,321.0
2013,1,现代江苏,227.0
2013,1,小松,354.0
2013,1,日立,297.0
2013,1,神钢,354.0
2013,1,住友,40.0
2013,1,久保田,48.0
2013,1,约翰迪尔,133.0
2013,1,洋马,13.0
2013,1,卡特彼勒,370.0
2013,1,沃尔沃,319.0
2013,1,利勃海尔,21.0
2013,1,玉柴,157.0
2013,1,中联,73.0
2013,1,三一,864.0
2013,1,徐挖,0.0
2013,1,柳工,201.0
2013,1,山东临工,111.0
2013,1,福田雷沃,231.0
2013,1,山河智能,125.0
2013,1,厦工,113.0
2013,1,山重,186.0
2013,1,力士德,156.0
2013,1,卡特重工,20.0
2013,1,彭浦,21.0
2013,1,开元,52.0
2013,1,京城,220.0
2013,1,詹阳,28.0
2014,1,斗山,358.0
2014,1,现代江苏,110.0
2014,1,小松,265.0
2014,1,日立,353.0
2014,1,神钢,360.0
2014,1,住友,53.0
2014,1,久保田,85.0
2014,1,约翰迪尔,32.0
2014,1,洋马,6.0
2014,1,卡特彼勒,479.0
2014,1,沃尔沃,328.0
2014,1,利勃海尔,18.0
2014,1,玉柴,135.0
2014,1,中联,51.0
2014,1,三一,576.0
2014,1,徐挖,22.0
2014,1,柳工,270.0
2014,1,山东临工,164.0
2014,1,福田雷沃,110.0
2014,1,山河智能,111.0
2014,1,厦工,96.0
2014,1,山重,165.0
2014,1,力士德,175.0
2014,1,卡特重工,24.0
2014,1,彭浦,16.0
2014,1,开元,31.0
2014,1,京城,94.0
2014,1,詹阳,20.0
2015,1,斗山,179.0
2015,1,现代江苏,68.0
2015,1,小松,191.0
2015,1,日立,250.0
2015,1,神钢,291.0
2015,1,住友,50.0
2015,1,久保田,121.0
2015,1,约翰迪尔,7.0
2015,1,洋马,13.0
2015,1,卡特彼勒,419.0
2015,1,沃尔沃,146.0
2015,1,利勃海尔,11.0
2015,1,玉柴,142.0
2015,1,中联,10.0
2015,1,三一,564.0
2015,1,徐挖,131.0
2015,1,柳工,192.0
2015,1,山东临工,107.0
2015,1,福田雷沃,102.0
2015,1,山河智能,131.0
2015,1,厦工,146.0
2015,1,山重,121.0
2015,1,力士德,148.0
2015,1,卡特重工,12.0
2015,1,彭浦,4.0
2015,1,开元,17.0
2015,1,京城,100.0
2015,1,詹阳,14.0
2016,1,斗山,167.0
2016,1,现代江苏,40.0
2016,1,小松,179.0
2016,1,日立,167.0
2016,1,神钢,104.0
2016,1,住友,45.0
2016,1,久保田,61.0
2016,1,约翰迪尔,7.0
2016,1,洋马,10.0
2016,1,卡特彼勒,483.0
2016,1,沃尔沃,76.0
2016,1,利勃海尔,6.0
2016,1,玉柴,46.0
2016,1,中联,7.0
2016,1,三一,592.0
2016,1,徐挖,204.0
2016,1,柳工,170.0
2016,1,山东临工,80.0
2016,1,福田雷沃,58.0
2016,1,山河智能,104.0
2016,1,厦工,119.0
2016,1,山重,56.0
2016,1,力士德,85.0
2016,1,卡特重工,22.0
2016,1,彭浦,1.0
2016,1,开元,0.0
2016,1,京城,27.0
2016,1,詹阳,31.0
2017,1,斗山,295.0
2017,1,现代江苏,144.0
2017,1,小松,218.0
2017,1,日立,222.0
2017,1,神钢,83.0
2017,1,住友,43.0
2017,1,久保田,131.0
2017,1,约翰迪尔,16.0
2017,1,洋马,14.0
2017,1,卡特彼勒,636.0
2017,1,沃尔沃,138.0
2017,1,利勃海尔,26.0
2017,1,玉柴,86.0
2017,1,中联,10.0
2017,1,三一,1017.0
2017,1,徐挖,491.0
2017,1,柳工,313.0
2017,1,山东临工,208.0
2017,1,福田雷沃,117.0
2017,1,山河智能,124.0
2017,1,厦工,55.0
2017,1,山重,87.0
2017,1,力士德,21.0
2017,1,卡特重工,39.0
2017,1,彭浦,0.0
2017,1,开元,3.0
2017,1,京城,41.0
2017,1,詹阳,21.0
2018,1,斗山,710.0
2018,1,现代江苏,541.0
2018,1,小松,497.0
2018,1,日立,459.0
2018,1,神钢,270.0
2018,1,住友,123.0
2018,1,久保田,283.0
2018,1,约翰迪尔,61.0
2018,1,洋马,44.0
2018,1,卡特彼勒,1560.0
2018,1,沃尔沃,348.0
2018,1,利勃海尔,19.0
2018,1,玉柴,120.0
2018,1,中联,114.0
2018,1,三一,2233.0
2018,1,徐挖,1126.0
2018,1,柳工,819.0
2018,1,山东临工,654.0
2018,1,福田雷沃,324.0
2018,1,山河智能,249.0
2018,1,厦工,63.0
2018,1,山重,49.0
2018,1,力士德,51.0
2018,1,卡特重工,63.0
2018,1,彭浦,35.0
2018,1,开元,69.0
2018,1,京城,223.0
2018,1,詹阳,21.0
2009,2,斗山,1473.0
2009,2,现代江苏,396.0
2009,2,小松,1675.0
2009,2,日立,982.0
2009,2,神钢,720.0
2009,2,住友,96.0
2009,2,久保田,140.0
2009,2,约翰迪尔,25.0
2009,2,洋马,24.0
2009,2,卡特彼勒,467.0
2009,2,沃尔沃,233.0
2009,2,利勃海尔,25.0
2009,2,玉柴,403.0
2009,2,中联,17.0
2009,2,三一,482.0
2009,2,徐挖,69.0
2009,2,柳工,233.0
2009,2,山东临工,178.0
2009,2,福田雷沃,282.0
2009,2,山河智能,264.0
2009,2,厦工,100.0
2009,2,山重,50.0
2009,2,力士德,43.0
2009,2,卡特重工,44.0
2009,2,彭浦,24.0
2009,2,开元,63.0
2009,2,京城,191.0
2009,2,詹阳,13.0
2010,2,斗山,1034.0
2010,2,现代江苏,883.0
2010,2,小松,1328.0
2010,2,日立,905.0
2010,2,神钢,415.0
2010,2,住友,98.0
2010,2,久保田,143.0
2010,2,约翰迪尔,280.0
2010,2,洋马,12.0
2010,2,卡特彼勒,453.0
2010,2,沃尔沃,128.0
2010,2,利勃海尔,14.0
2010,2,玉柴,390.0
2010,2,中联,17.0
2010,2,三一,672.0
2010,2,徐挖,46.0
2010,2,柳工,263.0
2010,2,山东临工,127.0
2010,2,福田雷沃,255.0
2010,2,山河智能,217.0
2010,2,厦工,115.0
2010,2,山重,105.0
2010,2,力士德,83.0
2010,2,卡特重工,49.0
2010,2,彭浦,23.0
2010,2,开元,52.0
2010,2,京城,294.0
2010,2,詹阳,13.0
2011,2,斗山,1316.0
2011,2,现代江苏,3199.0
2011,2,小松,2212.0
2011,2,日立,1891.0
2011,2,神钢,220.0
2011,2,住友,238.0
2011,2,久保田,335.0
2011,2,约翰迪尔,1259.0
2011,2,洋马,0.0
2011,2,卡特彼勒,1009.0
2011,2,沃尔沃,43.0
2011,2,利勃海尔,8.0
2011,2,玉柴,866.0
2011,2,中联,153.0
2011,2,三一,1999.0
2011,2,徐挖,52.0
2011,2,柳工,679.0
2011,2,山东临工,173.0
2011,2,福田雷沃,523.0
2011,2,山河智能,388.0
2011,2,厦工,301.0
2011,2,山重,376.0
2011,2,力士德,289.0
2011,2,卡特重工,126.0
2011,2,彭浦,51.0
2011,2,开元,93.0
2011,2,京城,925.0
2011,2,詹阳,30.0
2012,2,斗山,1666.0
2012,2,现代江苏,625.0
2012,2,小松,1837.0
2012,2,日立,1651.0
2012,2,神钢,1260.0
2012,2,住友,190.0
2012,2,久保田,286.0
2012,2,约翰迪尔,969.0
2012,2,洋马,45.0
2012,2,卡特彼勒,962.0
2012,2,沃尔沃,882.0
2012,2,利勃海尔,37.0
2012,2,玉柴,359.0
2012,2,中联,205.0
2012,2,三一,2066.0
2012,2,徐挖,0.0
2012,2,柳工,452.0
2012,2,山东临工,357.0
2012,2,福田雷沃,453.0
2012,2,山河智能,344.0
2012,2,厦工,452.0
2012,2,山重,304.0
2012,2,力士德,280.0
2012,2,卡特重工,106.0
2012,2,彭浦,26.0
2012,2,开元,184.0
2012,2,京城,629.0
2012,2,詹阳,72.0
2013,2,斗山,460.0
2013,2,现代江苏,242.0
2013,2,小松,528.0
2013,2,日立,498.0
2013,2,神钢,436.0
2013,2,住友,97.0
2013,2,久保田,122.0
2013,2,约翰迪尔,195.0
2013,2,洋马,12.0
2013,2,卡特彼勒,497.0
2013,2,沃尔沃,355.0
2013,2,利勃海尔,18.0
2013,2,玉柴,371.0
2013,2,中联,32.0
2013,2,三一,1050.0
2013,2,徐挖,3.0
2013,2,柳工,194.0
2013,2,山东临工,79.0
2013,2,福田雷沃,232.0
2013,2,山河智能,121.0
2013,2,厦工,107.0
2013,2,山重,192.0
2013,2,力士德,138.0
2013,2,卡特重工,24.0
2013,2,彭浦,8.0
2013,2,开元,38.0
2013,2,京城,204.0
2013,2,詹阳,47.0
2014,2,斗山,839.0
2014,2,现代江苏,216.0
2014,2,小松,1154.0
2014,2,日立,865.0
2014,2,神钢,800.0
2014,2,住友,128.0
2014,2,久保田,178.0
2014,2,约翰迪尔,24.0
2014,2,洋马,23.0
2014,2,卡特彼勒,965.0
2014,2,沃尔沃,504.0
2014,2,利勃海尔,12.0
2014,2,玉柴,275.0
2014,2,中联,19.0
2014,2,三一,1385.0
2014,2,徐挖,77.0
2014,2,柳工,365.0
2014,2,山东临工,209.0
2014,2,福田雷沃,221.0
2014,2,山河智能,202.0
2014,2,厦工,140.0
2014,2,山重,225.0
2014,2,力士德,182.0
2014,2,卡特重工,34.0
2014,2,彭浦,27.0
2014,2,开元,43.0
2014,2,京城,207.0
2014,2,詹阳,62.0
2015,2,斗山,150.0
2015,2,现代江苏,66.0
2015,2,小松,150.0
2015,2,日立,149.0
2015,2,神钢,222.0
2015,2,住友,27.0
2015,2,久保田,64.0
2015,2,约翰迪尔,0.0
2015,2,洋马,21.0
2015,2,卡特彼勒,363.0
2015,2,沃尔沃,55.0
2015,2,利勃海尔,3.0
2015,2,玉柴,93.0
2015,2,中联,18.0
2015,2,三一,506.0
2015,2,徐挖,77.0
2015,2,柳工,122.0
2015,2,山东临工,104.0
2015,2,福田雷沃,75.0
2015,2,山河智能,101.0
2015,2,厦工,58.0
2015,2,山重,65.0
2015,2,力士德,81.0
2015,2,卡特重工,15.0
2015,2,彭浦,0.0
2015,2,开元,14.0
2015,2,京城,75.0
2015,2,詹阳,9.0
2016,2,斗山,278.0
2016,2,现代江苏,43.0
2016,2,小松,318.0
2016,2,日立,325.0
2016,2,神钢,201.0
2016,2,住友,33.0
2016,2,久保田,67.0
2016,2,约翰迪尔,2.0
2016,2,洋马,29.0
2016,2,卡特彼勒,636.0
2016,2,沃尔沃,83.0
2016,2,利勃海尔,12.0
2016,2,玉柴,37.0
2016,2,中联,5.0
2016,2,三一,770.0
2016,2,徐挖,188.0
2016,2,柳工,148.0
2016,2,山东临工,80.0
2016,2,福田雷沃,46.0
2016,2,山河智能,78.0
2016,2,厦工,60.0
2016,2,山重,55.0
2016,2,力士德,53.0
2016,2,卡特重工,32.0
2016,2,彭浦,3.0
2016,2,开元,3.0
2016,2,京城,54.0
2016,2,詹阳,13.0
2017,2,斗山,1202.0
2017,2,现代江苏,500.0
2017,2,小松,1150.0
2017,2,日立,1070.0
2017,2,神钢,365.0
2017,2,住友,210.0
2017,2,久保田,378.0
2017,2,约翰迪尔,31.0
2017,2,洋马,61.0
2017,2,卡特彼勒,1945.0
2017,2,沃尔沃,463.0
2017,2,利勃海尔,41.0
2017,2,玉柴,122.0
2017,2,中联,19.0
2017,2,三一,3615.0
2017,2,徐挖,1405.0
2017,2,柳工,654.0
2017,2,山东临工,561.0
2017,2,福田雷沃,237.0
2017,2,山河智能,198.0
2017,2,厦工,77.0
2017,2,山重,106.0
2017,2,力士德,67.0
2017,2,卡特重工,51.0
2017,2,彭浦,0.0
2017,2,开元,5.0
2017,2,京城,214.0
2017,2,詹阳,16.0
2018,2,斗山,1018.0
2018,2,现代江苏,666.0
2018,2,小松,611.0
2018,2,日立,616.0
2018,2,神钢,312.0
2018,2,住友,131.0
2018,2,久保田,181.0
2018,2,约翰迪尔,31.0
2018,2,洋马,34.0
2018,2,卡特彼勒,1736.0
2018,2,沃尔沃,336.0
2018,2,利勃海尔,17.0
2018,2,玉柴,94.0
2018,2,中联,23.0
2018,2,三一,2338.0
2018,2,徐挖,1008.0
2018,2,柳工,727.0
2018,2,山东临工,507.0
2018,2,福田雷沃,196.0
2018,2,山河智能,330.0
2018,2,厦工,31.0
2018,2,山重,48.0
2018,2,力士德,110.0
2018,2,卡特重工,27.0
2018,2,彭浦,28.0
2018,2,开元,52.0
2018,2,京城,255.0
2018,2,詹阳,8.0
2009,3,斗山,2023.0
2009,3,现代江苏,832.0
2009,3,小松,1965.0
2009,3,日立,1493.0
2009,3,神钢,1167.0
2009,3,住友,167.0
2009,3,久保田,289.0
2009,3,约翰迪尔,23.0
2009,3,洋马,62.0
2009,3,卡特彼勒,847.0
2009,3,沃尔沃,434.0
2009,3,利勃海尔,3.0
2009,3,玉柴,1038.0
2009,3,中联,42.0
2009,3,三一,885.0
2009,3,徐挖,64.0
2009,3,柳工,358.0
2009,3,山东临工,499.0
2009,3,福田雷沃,561.0
2009,3,山河智能,415.0
2009,3,厦工,90.0
2009,3,山重,98.0
2009,3,力士德,60.0
2009,3,卡特重工,60.0
2009,3,彭浦,40.0
2009,3,开元,103.0
2009,3,京城,464.0
2009,3,詹阳,15.0
2010,3,斗山,3166.0
2010,3,现代江苏,2824.0
2010,3,小松,3734.0
2010,3,日立,2887.0
2010,3,神钢,1483.0
2010,3,住友,377.0
2010,3,久保田,654.0
2010,3,约翰迪尔,905.0
2010,3,洋马,70.0
2010,3,卡特彼勒,1748.0
2010,3,沃尔沃,518.0
2010,3,利勃海尔,12.0
2010,3,玉柴,2243.0
2010,3,中联,95.0
2010,3,三一,2618.0
2010,3,徐挖,99.0
2010,3,柳工,908.0
2010,3,山东临工,830.0
2010,3,福田雷沃,1077.0
2010,3,山河智能,841.0
2010,3,厦工,587.0
2010,3,山重,637.0
2010,3,力士德,163.0
2010,3,卡特重工,173.0
2010,3,彭浦,68.0
2010,3,开元,196.0
2010,3,京城,1254.0
2010,3,詹阳,33.0
2011,3,斗山,2507.0
2011,3,现代江苏,5383.0
2011,3,小松,4320.0
2011,3,日立,3423.0
2011,3,神钢,466.0
2011,3,住友,511.0
2011,3,久保田,934.0
2011,3,约翰迪尔,2514.0
2011,3,洋马,0.0
2011,3,卡特彼勒,2259.0
2011,3,沃尔沃,79.0
2011,3,利勃海尔,26.0
2011,3,玉柴,3055.0
2011,3,中联,545.0
2011,3,三一,4622.0
2011,3,徐挖,77.0
2011,3,柳工,1438.0
2011,3,山东临工,760.0
2011,3,福田雷沃,1265.0
2011,3,山河智能,1064.0
2011,3,厦工,1389.0
2011,3,山重,1506.0
2011,3,力士德,272.0
2011,3,卡特重工,301.0
2011,3,彭浦,65.0
2011,3,开元,229.0
2011,3,京城,2086.0
2011,3,詹阳,47.0
2012,3,斗山,1979.0
2012,3,现代江苏,846.0
2012,3,小松,1883.0
2012,3,日立,1826.0
2012,3,神钢,1792.0
2012,3,住友,261.0
2012,3,久保田,473.0
2012,3,约翰迪尔,1357.0
2012,3,洋马,54.0
2012,3,卡特彼勒,1230.0
2012,3,沃尔沃,1445.0
2012,3,利勃海尔,26.0
2012,3,玉柴,856.0
2012,3,中联,516.0
2012,3,三一,4523.0
2012,3,徐挖,5.0
2012,3,柳工,845.0
2012,3,山东临工,791.0
2012,3,福田雷沃,650.0
2012,3,山河智能,464.0
2012,3,厦工,550.0
2012,3,山重,812.0
2012,3,力士德,366.0
2012,3,卡特重工,149.0
2012,3,彭浦,26.0
2012,3,开元,125.0
2012,3,京城,1019.0
2012,3,詹阳,29.0
2013,3,斗山,1691.0
2013,3,现代江苏,688.0
2013,3,小松,1929.0
2013,3,日立,1799.0
2013,3,神钢,1574.0
2013,3,住友,291.0
2013,3,久保田,414.0
2013,3,约翰迪尔,651.0
2013,3,洋马,103.0
2013,3,卡特彼勒,1562.0
2013,3,沃尔沃,1276.0
2013,3,利勃海尔,39.0
2013,3,玉柴,1311.0
2013,3,中联,258.0
2013,3,三一,3073.0
2013,3,徐挖,3.0
2013,3,柳工,767.0
2013,3,山东临工,828.0
2013,3,福田雷沃,709.0
2013,3,山河智能,648.0
2013,3,厦工,353.0
2013,3,山重,752.0
2013,3,力士德,332.0
2013,3,卡特重工,132.0
2013,3,彭浦,50.0
2013,3,开元,154.0
2013,3,京城,854.0
2013,3,詹阳,32.0
2014,3,斗山,1803.0
2014,3,现代江苏,426.0
2014,3,小松,1835.0
2014,3,日立,1498.0
2014,3,神钢,1739.0
2014,3,住友,205.0
2014,3,久保田,502.0
2014,3,约翰迪尔,31.0
2014,3,洋马,72.0
2014,3,卡特彼勒,1852.0
2014,3,沃尔沃,1117.0
2014,3,利勃海尔,27.0
2014,3,玉柴,602.0
2014,3,中联,69.0
2014,3,三一,3109.0
2014,3,徐挖,115.0
2014,3,柳工,1001.0
2014,3,山东临工,855.0
2014,3,福田雷沃,601.0
2014,3,山河智能,545.0
2014,3,厦工,366.0
2014,3,山重,710.0
2014,3,力士德,297.0
2014,3,卡特重工,154.0
2014,3,彭浦,41.0
2014,3,开元,102.0
2014,3,京城,471.0
2014,3,詹阳,22.0
2015,3,斗山,828.0
2015,3,现代江苏,194.0
2015,3,小松,907.0
2015,3,日立,811.0
2015,3,神钢,964.0
2015,3,住友,96.0
2015,3,久保田,435.0
2015,3,约翰迪尔,3.0
2015,3,洋马,98.0
2015,3,卡特彼勒,1287.0
2015,3,沃尔沃,438.0
2015,3,利勃海尔,22.0
2015,3,玉柴,283.0
2015,3,中联,36.0
2015,3,三一,2143.0
2015,3,徐挖,455.0
2015,3,柳工,602.0
2015,3,山东临工,511.0
2015,3,福田雷沃,410.0
2015,3,山河智能,299.0
2015,3,厦工,218.0
2015,3,山重,233.0
2015,3,力士德,231.0
2015,3,卡特重工,79.0
2015,3,彭浦,3.0
2015,3,开元,23.0
2015,3,京城,333.0
2015,3,詹阳,23.0
2016,3,斗山,1001.0
2016,3,现代江苏,292.0
2016,3,小松,850.0
2016,3,日立,925.0
2016,3,神钢,664.0
2016,3,住友,157.0
2016,3,久保田,323.0
2016,3,约翰迪尔,38.0
2016,3,洋马,112.0
2016,3,卡特彼勒,1648.0
2016,3,沃尔沃,329.0
2016,3,利勃海尔,13.0
2016,3,玉柴,274.0
2016,3,中联,10.0
2016,3,三一,2483.0
2016,3,徐挖,1008.0
2016,3,柳工,657.0
2016,3,山东临工,664.0
2016,3,福田雷沃,242.0
2016,3,山河智能,396.0
2016,3,厦工,382.0
2016,3,山重,294.0
2016,3,力士德,162.0
2016,3,卡特重工,114.0
2016,3,彭浦,40.0
2016,3,开元,5.0
2016,3,京城,650.0
2016,3,詹阳,11.0
2017,3,斗山,1701.0
2017,3,现代江苏,589.0
2017,3,小松,1581.0
2017,3,日立,1383.0
2017,3,神钢,762.0
2017,3,住友,225.0
2017,3,久保田,506.0
2017,3,约翰迪尔,37.0
2017,3,洋马,125.0
2017,3,卡特彼勒,3115.0
2017,3,沃尔沃,778.0
2017,3,利勃海尔,31.0
2017,3,玉柴,239.0
2017,3,中联,15.0
2017,3,三一,4519.0
2017,3,徐挖,2033.0
2017,3,柳工,1120.0
2017,3,山东临工,1049.0
2017,3,福田雷沃,539.0
2017,3,山河智能,448.0
2017,3,厦工,141.0
2017,3,山重,161.0
2017,3,力士德,103.0
2017,3,卡特重工,155.0
2017,3,彭浦,0.0
2017,3,开元,4.0
2017,3,京城,1011.0
2017,3,詹阳,45.0
2018,3,斗山,3451.0
2018,3,现代江苏,1329.0
2018,3,小松,2288.0
2018,3,日立,1978.0
2018,3,神钢,1271.0
2018,3,住友,435.0
2018,3,久保田,856.0
2018,3,约翰迪尔,154.0
2018,3,洋马,160.0
2018,3,卡特彼勒,5010.0
2018,3,沃尔沃,1481.0
2018,3,利勃海尔,43.0
2018,3,玉柴,308.0
2018,3,中联,122.0
2018,3,三一,8289.0
2018,3,徐挖,4016.0
2018,3,柳工,2569.0
2018,3,山东临工,2385.0
2018,3,福田雷沃,912.0
2018,3,山河智能,701.0
2018,3,厦工,97.0
2018,3,山重,309.0
2018,3,力士德,53.0
2018,3,卡特重工,140.0
2018,3,彭浦,70.0
2018,3,开元,182.0
2018,3,京城,1514.0
2018,3,詹阳,26.0
2009,4,斗山,1470.0
2009,4,现代江苏,753.0
2009,4,小松,1520.0
2009,4,日立,1327.0
2009,4,神钢,983.0
2009,4,住友,156.0
2009,4,久保田,277.0
2009,4,约翰迪尔,21.0
2009,4,洋马,36.0
2009,4,卡特彼勒,802.0
2009,4,沃尔沃,274.0
2009,4,利勃海尔,8.0
2009,4,玉柴,773.0
2009,4,中联,108.0
2009,4,三一,635.0
2009,4,徐挖,34.0
2009,4,柳工,304.0
2009,4,山东临工,502.0
2009,4,福田雷沃,324.0
2009,4,山河智能,317.0
2009,4,厦工,134.0
2009,4,山重,78.0
2009,4,力士德,75.0
2009,4,卡特重工,82.0
2009,4,彭浦,48.0
2009,4,开元,96.0
2009,4,京城,425.0
2009,4,詹阳,22.0
2010,4,斗山,1831.0
2010,4,现代江苏,1778.0
2010,4,小松,1993.0
2010,4,日立,1807.0
2010,4,神钢,967.0
2010,4,住友,267.0
2010,4,久保田,475.0
2010,4,约翰迪尔,641.0
2010,4,洋马,30.0
2010,4,卡特彼勒,1178.0
2010,4,沃尔沃,258.0
2010,4,利勃海尔,31.0
2010,4,玉柴,1208.0
2010,4,中联,185.0
2010,4,三一,1661.0
2010,4,徐挖,63.0
2010,4,柳工,541.0
2010,4,山东临工,643.0
2010,4,福田雷沃,594.0
2010,4,山河智能,566.0
2010,4,厦工,245.0
2010,4,山重,419.0
2010,4,力士德,165.0
2010,4,卡特重工,153.0
2010,4,彭浦,58.0
2010,4,开元,146.0
2010,4,京城,784.0
2010,4,詹阳,37.0
2011,4,斗山,1638.0
2011,4,现代江苏,3253.0
2011,4,小松,1981.0
2011,4,日立,1923.0
2011,4,神钢,358.0
2011,4,住友,392.0
2011,4,久保田,681.0
2011,4,约翰迪尔,1789.0
2011,4,洋马,0.0
2011,4,卡特彼勒,1409.0
2011,4,沃尔沃,68.0
2011,4,利勃海尔,72.0
2011,4,玉柴,1568.0
2011,4,中联,447.0
2011,4,三一,3208.0
2011,4,徐挖,99.0
2011,4,柳工,806.0
2011,4,山东临工,613.0
2011,4,福田雷沃,910.0
2011,4,山河智能,847.0
2011,4,厦工,374.0
2011,4,山重,1013.0
2011,4,力士德,290.0
2011,4,卡特重工,240.0
2011,4,彭浦,49.0
2011,4,开元,185.0
2011,4,京城,1205.0
2011,4,詹阳,53.0
2012,4,斗山,1238.0
2012,4,现代江苏,519.0
2012,4,小松,1239.0
2012,4,日立,836.0
2012,4,神钢,1073.0
2012,4,住友,234.0
2012,4,久保田,385.0
2012,4,约翰迪尔,1039.0
2012,4,洋马,47.0
2012,4,卡特彼勒,956.0
2012,4,沃尔沃,833.0
2012,4,利勃海尔,14.0
2012,4,玉柴,883.0
2012,4,中联,366.0
2012,4,三一,2013.0
2012,4,徐挖,2.0
2012,4,柳工,838.0
2012,4,山东临工,700.0
2012,4,福田雷沃,534.0
2012,4,山河智能,388.0
2012,4,厦工,630.0
2012,4,山重,581.0
2012,4,力士德,368.0
2012,4,卡特重工,146.0
2012,4,彭浦,13.0
2012,4,开元,84.0
2012,4,京城,589.0
2012,4,詹阳,50.0
2013,4,斗山,1328.0
2013,4,现代江苏,509.0
2013,4,小松,1244.0
2013,4,日立,1068.0
2013,4,神钢,1107.0
2013,4,住友,266.0
2013,4,久保田,397.0
2013,4,约翰迪尔,555.0
2013,4,洋马,27.0
2013,4,卡特彼勒,1348.0
2013,4,沃尔沃,941.0
2013,4,利勃海尔,41.0
2013,4,玉柴,170.0
2013,4,中联,394.0
2013,4,三一,2419.0
2013,4,徐挖,5.0
2013,4,柳工,668.0
2013,4,山东临工,706.0
2013,4,福田雷沃,506.0
2013,4,山河智能,510.0
2013,4,厦工,277.0
2013,4,山重,726.0
2013,4,力士德,380.0
2013,4,卡特重工,136.0
2013,4,彭浦,33.0
2013,4,开元,129.0
2013,4,京城,732.0
2013,4,詹阳,74.0
2014,4,斗山,1002.0
2014,4,现代江苏,340.0
2014,4,小松,977.0
2014,4,日立,1005.0
2014,4,神钢,1038.0
2014,4,住友,184.0
2014,4,久保田,398.0
2014,4,约翰迪尔,10.0
2014,4,洋马,55.0
2014,4,卡特彼勒,1322.0
2014,4,沃尔沃,680.0
2014,4,利勃海尔,13.0
2014,4,玉柴,418.0
2014,4,中联,151.0
2014,4,三一,1791.0
2014,4,徐挖,3.0
2014,4,柳工,368.0
2014,4,山东临工,692.0
2014,4,福田雷沃,456.0
2014,4,山河智能,400.0
2014,4,厦工,295.0
2014,4,山重,416.0
2014,4,力士德,263.0
2014,4,卡特重工,140.0
2014,4,彭浦,24.0
2014,4,开元,89.0
2014,4,京城,344.0
2014,4,詹阳,29.0
2015,4,斗山,613.0
2015,4,现代江苏,126.0
2015,4,小松,569.0
2015,4,日立,494.0
2015,4,神钢,693.0
2015,4,住友,117.0
2015,4,久保田,361.0
2015,4,约翰迪尔,11.0
2015,4,洋马,57.0
2015,4,卡特彼勒,946.0
2015,4,沃尔沃,343.0
2015,4,利勃海尔,9.0
2015,4,玉柴,236.0
2015,4,中联,41.0
2015,4,三一,1523.0
2015,4,徐挖,372.0
2015,4,柳工,410.0
2015,4,山东临工,426.0
2015,4,福田雷沃,261.0
2015,4,山河智能,323.0
2015,4,厦工,184.0
2015,4,山重,193.0
2015,4,力士德,206.0
2015,4,卡特重工,75.0
2015,4,彭浦,25.0
2015,4,开元,12.0
2015,4,京城,208.0
2015,4,詹阳,18.0
2016,4,斗山,517.0
2016,4,现代江苏,19.0
2016,4,小松,472.0
2016,4,日立,356.0
2016,4,神钢,285.0
2016,4,住友,98.0
2016,4,久保田,123.0
2016,4,约翰迪尔,13.0
2016,4,洋马,33.0
2016,4,卡特彼勒,1001.0
2016,4,沃尔沃,163.0
2016,4,利勃海尔,21.0
2016,4,玉柴,219.0
2016,4,中联,4.0
2016,4,三一,1590.0
2016,4,徐挖,627.0
2016,4,柳工,328.0
2016,4,山东临工,287.0
2016,4,福田雷沃,241.0
2016,4,山河智能,264.0
2016,4,厦工,151.0
2016,4,山重,65.0
2016,4,力士德,147.0
2016,4,卡特重工,108.0
2016,4,彭浦,12.0
2016,4,开元,2.0
2016,4,京城,175.0
2016,4,詹阳,13.0
2017,4,斗山,1217.0
2017,4,现代江苏,373.0
2017,4,小松,1019.0
2017,4,日立,845.0
2017,4,神钢,523.0
2017,4,住友,142.0
2017,4,久保田,371.0
2017,4,约翰迪尔,46.0
2017,4,洋马,78.0
2017,4,卡特彼勒,1597.0
2017,4,沃尔沃,460.0
2017,4,利勃海尔,31.0
2017,4,玉柴,162.0
2017,4,中联,8.0
2017,4,三一,3026.0
2017,4,徐挖,1401.0
2017,4,柳工,883.0
2017,4,山东临工,924.0
2017,4,福田雷沃,419.0
2017,4,山河智能,398.0
2017,4,厦工,79.0
2017,4,山重,145.0
2017,4,力士德,107.0
2017,4,卡特重工,114.0
2017,4,彭浦,0.0
2017,4,开元,5.0
2017,4,京城,351.0
2017,4,詹阳,32.0
2018,4,斗山,2145.0
2018,4,现代江苏,1008.0
2018,4,小松,1362.0
2018,4,日立,962.0
2018,4,神钢,653.0
2018,4,住友,332.0
2018,4,久保田,491.0
2018,4,约翰迪尔,167.0
2018,4,洋马,156.0
2018,4,卡特彼勒,3088.0
2018,4,沃尔沃,851.0
2018,4,利勃海尔,71.0
2018,4,玉柴,222.0
2018,4,中联,269.0
2018,4,三一,6142.0
2018,4,徐挖,3696.0
2018,4,柳工,1604.0
2018,4,山东临工,1791.0
2018,4,福田雷沃,766.0
2018,4,山河智能,531.0
2018,4,厦工,93.0
2018,4,山重,255.0
2018,4,力士德,46.0
2018,4,卡特重工,96.0
2018,4,彭浦,44.0
2018,4,开元,158.0
2018,4,京城,758.0
2018,4,詹阳,33.0
2009,5,斗山,1065.0
2009,5,现代江苏,496.0
2009,5,小松,1062.0
2009,5,日立,877.0
2009,5,神钢,613.0
2009,5,住友,111.0
2009,5,久保田,140.0
2009,5,约翰迪尔,16.0
2009,5,洋马,24.0
2009,5,卡特彼勒,624.0
2009,5,沃尔沃,276.0
2009,5,利勃海尔,8.0
2009,5,玉柴,233.0
2009,5,中联,56.0
2009,5,三一,495.0
2009,5,徐挖,35.0
2009,5,柳工,231.0
2009,5,山东临工,264.0
2009,5,福田雷沃,260.0
2009,5,山河智能,231.0
2009,5,厦工,95.0
2009,5,山重,60.0
2009,5,力士德,46.0
2009,5,卡特重工,84.0
2009,5,彭浦,41.0
2009,5,开元,51.0
2009,5,京城,259.0
2009,5,詹阳,13.0
2010,5,斗山,1605.0
2010,5,现代江苏,1430.0
2010,5,小松,1823.0
2010,5,日立,1618.0
2010,5,神钢,844.0
2010,5,住友,242.0
2010,5,久保田,305.0
2010,5,约翰迪尔,469.0
2010,5,洋马,26.0
2010,5,卡特彼勒,1143.0
2010,5,沃尔沃,333.0
2010,5,利勃海尔,20.0
2010,5,玉柴,762.0
2010,5,中联,122.0
2010,5,三一,1229.0
2010,5,徐挖,82.0
2010,5,柳工,574.0
2010,5,山东临工,513.0
2010,5,福田雷沃,578.0
2010,5,山河智能,512.0
2010,5,厦工,359.0
2010,5,山重,307.0
2010,5,力士德,217.0
2010,5,卡特重工,151.0
2010,5,彭浦,68.0
2010,5,开元,116.0
2010,5,京城,523.0
2010,5,詹阳,28.0
2011,5,斗山,788.0
2011,5,现代江苏,1585.0
2011,5,小松,1183.0
2011,5,日立,1177.0
2011,5,神钢,312.0
2011,5,住友,243.0
2011,5,久保田,271.0
2011,5,约翰迪尔,806.0
2011,5,洋马,0.0
2011,5,卡特彼勒,824.0
2011,5,沃尔沃,58.0
2011,5,利勃海尔,21.0
2011,5,玉柴,906.0
2011,5,中联,274.0
2011,5,三一,1227.0
2011,5,徐挖,79.0
2011,5,柳工,575.0
2011,5,山东临工,401.0
2011,5,福田雷沃,525.0
2011,5,山河智能,464.0
2011,5,厦工,455.0
2011,5,山重,431.0
2011,5,力士德,299.0
2011,5,卡特重工,106.0
2011,5,彭浦,43.0
2011,5,开元,108.0
2011,5,京城,428.0
2011,5,詹阳,24.0
2012,5,斗山,858.0
2012,5,现代江苏,345.0
2012,5,小松,898.0
2012,5,日立,687.0
2012,5,神钢,581.0
2012,5,住友,206.0
2012,5,久保田,212.0
2012,5,约翰迪尔,613.0
2012,5,洋马,27.0
2012,5,卡特彼勒,700.0
2012,5,沃尔沃,635.0
2012,5,利勃海尔,57.0
2012,5,玉柴,635.0
2012,5,中联,335.0
2012,5,三一,1333.0
2012,5,徐挖,0.0
2012,5,柳工,592.0
2012,5,山东临工,443.0
2012,5,福田雷沃,373.0
2012,5,山河智能,276.0
2012,5,厦工,302.0
2012,5,山重,439.0
2012,5,力士德,273.0
2012,5,卡特重工,116.0
2012,5,彭浦,11.0
2012,5,开元,69.0
2012,5,京城,392.0
2012,5,詹阳,32.0
2013,5,斗山,846.0
2013,5,现代江苏,358.0
2013,5,小松,766.0
2013,5,日立,838.0
2013,5,神钢,825.0
2013,5,住友,172.0
2013,5,久保田,232.0
2013,5,约翰迪尔,329.0
2013,5,洋马,36.0
2013,5,卡特彼勒,994.0
2013,5,沃尔沃,765.0
2013,5,利勃海尔,40.0
2013,5,玉柴,846.0
2013,5,中联,120.0
2013,5,三一,1453.0
2013,5,徐挖,0.0
2013,5,柳工,459.0
2013,5,山东临工,398.0
2013,5,福田雷沃,341.0
2013,5,山河智能,331.0
2013,5,厦工,263.0
2013,5,山重,532.0
2013,5,力士德,267.0
2013,5,卡特重工,42.0
2013,5,彭浦,16.0
2013,5,开元,87.0
2013,5,京城,408.0
2013,5,詹阳,50.0
2014,5,斗山,577.0
2014,5,现代江苏,239.0
2014,5,小松,603.0
2014,5,日立,633.0
2014,5,神钢,578.0
2014,5,住友,175.0
2014,5,久保田,191.0
2014,5,约翰迪尔,6.0
2014,5,洋马,22.0
2014,5,卡特彼勒,937.0
2014,5,沃尔沃,431.0
2014,5,利勃海尔,31.0
2014,5,玉柴,305.0
2014,5,中联,85.0
2014,5,三一,1071.0
2014,5,徐挖,0.0
2014,5,柳工,342.0
2014,5,山东临工,324.0
2014,5,福田雷沃,217.0
2014,5,山河智能,258.0
2014,5,厦工,168.0
2014,5,山重,259.0
2014,5,力士德,171.0
2014,5,卡特重工,60.0
2014,5,彭浦,3.0
2014,5,开元,85.0
2014,5,京城,161.0
2014,5,詹阳,24.0
2015,5,斗山,360.0
2015,5,现代江苏,79.0
2015,5,小松,326.0
2015,5,日立,333.0
2015,5,神钢,360.0
2015,5,住友,70.0
2015,5,久保田,156.0
2015,5,约翰迪尔,10.0
2015,5,洋马,37.0
2015,5,卡特彼勒,623.0
2015,5,沃尔沃,257.0
2015,5,利勃海尔,18.0
2015,5,玉柴,173.0
2015,5,中联,46.0
2015,5,三一,881.0
2015,5,徐挖,206.0
2015,5,柳工,278.0
2015,5,山东临工,361.0
2015,5,福田雷沃,182.0
2015,5,山河智能,222.0
2015,5,厦工,111.0
2015,5,山重,130.0
2015,5,力士德,103.0
2015,5,卡特重工,64.0
2015,5,彭浦,4.0
2015,5,开元,20.0
2015,5,京城,146.0
2015,5,詹阳,13.0
2016,5,斗山,387.0
2016,5,现代江苏,60.0
2016,5,小松,406.0
2016,5,日立,306.0
2016,5,神钢,245.0
2016,5,住友,80.0
2016,5,久保田,114.0
2016,5,约翰迪尔,18.0
2016,5,洋马,37.0
2016,5,卡特彼勒,780.0
2016,5,沃尔沃,179.0
2016,5,利勃海尔,21.0
2016,5,玉柴,142.0
2016,5,中联,22.0
2016,5,三一,1021.0
2016,5,徐挖,419.0
2016,5,柳工,285.0
2016,5,山东临工,197.0
2016,5,福田雷沃,120.0
2016,5,山河智能,196.0
2016,5,厦工,151.0
2016,5,山重,72.0
2016,5,力士德,98.0
2016,5,卡特重工,74.0
2016,5,彭浦,32.0
2016,5,开元,7.0
2016,5,京城,148.0
2016,5,詹阳,12.0
2017,5,斗山,914.0
2017,5,现代江苏,295.0
2017,5,小松,708.0
2017,5,日立,632.0
2017,5,神钢,346.0
2017,5,住友,141.0
2017,5,久保田,393.0
2017,5,约翰迪尔,32.0
2017,5,洋马,75.0
2017,5,卡特彼勒,1459.0
2017,5,沃尔沃,354.0
2017,5,利勃海尔,18.0
2017,5,玉柴,115.0
2017,5,中联,45.0
2017,5,三一,2261.0
2017,5,徐挖,1220.0
2017,5,柳工,741.0
2017,5,山东临工,520.0
2017,5,福田雷沃,254.0
2017,5,山河智能,303.0
2017,5,厦工,112.0
2017,5,山重,142.0
2017,5,力士德,65.0
2017,5,卡特重工,120.0
2017,5,彭浦,0.0
2017,5,开元,4.0
2017,5,京城,305.0
2017,5,詹阳,47.0
2018,5,斗山,1595.0
2018,5,现代江苏,809.0
2018,5,小松,904.0
2018,5,日立,652.0
2018,5,神钢,474.0
2018,5,住友,219.0
2018,5,久保田,280.0
2018,5,约翰迪尔,92.0
2018,5,洋马,142.0
2018,5,卡特彼勒,2504.0
2018,5,沃尔沃,639.0
2018,5,利勃海尔,38.0
2018,5,玉柴,177.0
2018,5,中联,148.0
2018,5,三一,4331.0
2018,5,徐挖,2501.0
2018,5,柳工,1284.0
2018,5,山东临工,1426.0
2018,5,福田雷沃,535.0
2018,5,山河智能,378.0
2018,5,厦工,41.0
2018,5,山重,152.0
2018,5,力士德,48.0
2018,5,卡特重工,76.0
2018,5,彭浦,27.0
2018,5,开元,120.0
2018,5,京城,532.0
2018,5,詹阳,16.0
2009,6,斗山,968.0
2009,6,现代江苏,426.0
2009,6,小松,1086.0
2009,6,日立,835.0
2009,6,神钢,517.0
2009,6,住友,107.0
2009,6,久保田,180.0
2009,6,约翰迪尔,18.0
2009,6,洋马,30.0
2009,6,卡特彼勒,574.0
2009,6,沃尔沃,270.0
2009,6,利勃海尔,19.0
2009,6,玉柴,131.0
2009,6,中联,69.0
2009,6,三一,422.0
2009,6,徐挖,40.0
2009,6,柳工,219.0
2009,6,山东临工,195.0
2009,6,福田雷沃,137.0
2009,6,山河智能,225.0
2009,6,厦工,58.0
2009,6,山重,73.0
2009,6,力士德,60.0
2009,6,卡特重工,76.0
2009,6,彭浦,46.0
2009,6,开元,49.0
2009,6,京城,180.0
2009,6,詹阳,12.0
2010,6,斗山,1126.0
2010,6,现代江苏,965.0
2010,6,小松,1301.0
2010,6,日立,1093.0
2010,6,神钢,573.0
2010,6,住友,184.0
2010,6,久保田,309.0
2010,6,约翰迪尔,384.0
2010,6,洋马,25.0
2010,6,卡特彼勒,796.0
2010,6,沃尔沃,250.0
2010,6,利勃海尔,25.0
2010,6,玉柴,468.0
2010,6,中联,118.0
2010,6,三一,979.0
2010,6,徐挖,44.0
2010,6,柳工,524.0
2010,6,山东临工,258.0
2010,6,福田雷沃,294.0
2010,6,山河智能,360.0
2010,6,厦工,184.0
2010,6,山重,228.0
2010,6,力士德,204.0
2010,6,卡特重工,132.0
2010,6,彭浦,60.0
2010,6,开元,76.0
2010,6,京城,331.0
2010,6,詹阳,20.0
2011,6,斗山,535.0
2011,6,现代江苏,1091.0
2011,6,小松,669.0
2011,6,日立,684.0
2011,6,神钢,235.0
2011,6,住友,167.0
2011,6,久保田,281.0
2011,6,约翰迪尔,671.0
2011,6,洋马,0.0
2011,6,卡特彼勒,552.0
2011,6,沃尔沃,34.0
2011,6,利勃海尔,17.0
2011,6,玉柴,648.0
2011,6,中联,289.0
2011,6,三一,1123.0
2011,6,徐挖,18.0
2011,6,柳工,612.0
2011,6,山东临工,166.0
2011,6,福田雷沃,321.0
2011,6,山河智能,304.0
2011,6,厦工,245.0
2011,6,山重,302.0
2011,6,力士德,278.0
2011,6,卡特重工,122.0
2011,6,彭浦,39.0
2011,6,开元,62.0
2011,6,京城,322.0
2011,6,詹阳,18.0
2012,6,斗山,538.0
2012,6,现代江苏,256.0
2012,6,小松,489.0
2012,6,日立,501.0
2012,6,神钢,544.0
2012,6,住友,133.0
2012,6,久保田,228.0
2012,6,约翰迪尔,532.0
2012,6,洋马,36.0
2012,6,卡特彼勒,588.0
2012,6,沃尔沃,572.0
2012,6,利勃海尔,23.0
2012,6,玉柴,595.0
2012,6,中联,375.0
2012,6,三一,1023.0
2012,6,徐挖,0.0
2012,6,柳工,401.0
2012,6,山东临工,227.0
2012,6,福田雷沃,273.0
2012,6,山河智能,286.0
2012,6,厦工,253.0
2012,6,山重,312.0
2012,6,力士德,220.0
2012,6,卡特重工,105.0
2012,6,彭浦,4.0
2012,6,开元,42.0
2012,6,京城,225.0
2012,6,詹阳,33.0
2013,6,斗山,547.0
2013,6,现代江苏,301.0
2013,6,小松,646.0
2013,6,日立,676.0
2013,6,神钢,585.0
2013,6,住友,134.0
2013,6,久保田,235.0
2013,6,约翰迪尔,279.0
2013,6,洋马,20.0
2013,6,卡特彼勒,705.0
2013,6,沃尔沃,619.0
2013,6,利勃海尔,30.0
2013,6,玉柴,299.0
2013,6,中联,54.0
2013,6,三一,1006.0
2013,6,徐挖,6.0
2013,6,柳工,494.0
2013,6,山东临工,312.0
2013,6,福田雷沃,220.0
2013,6,山河智能,220.0
2013,6,厦工,217.0
2013,6,山重,326.0
2013,6,力士德,162.0
2013,6,卡特重工,36.0
2013,6,彭浦,25.0
2013,6,开元,62.0
2013,6,京城,282.0
2013,6,詹阳,52.0
2014,6,斗山,398.0
2014,6,现代江苏,116.0
2014,6,小松,514.0
2014,6,日立,474.0
2014,6,神钢,493.0
2014,6,住友,90.0
2014,6,久保田,246.0
2014,6,约翰迪尔,18.0
2014,6,洋马,31.0
2014,6,卡特彼勒,631.0
2014,6,沃尔沃,289.0
2014,6,利勃海尔,14.0
2014,6,玉柴,163.0
2014,6,中联,141.0
2014,6,三一,956.0
2014,6,徐挖,291.0
2014,6,柳工,287.0
2014,6,山东临工,260.0
2014,6,福田雷沃,181.0
2014,6,山河智能,265.0
2014,6,厦工,204.0
2014,6,山重,186.0
2014,6,力士德,123.0
2014,6,卡特重工,47.0
2014,6,彭浦,18.0
2014,6,开元,37.0
2014,6,京城,103.0
2014,6,詹阳,18.0
2015,6,斗山,250.0
2015,6,现代江苏,61.0
2015,6,小松,213.0
2015,6,日立,218.0
2015,6,神钢,301.0
2015,6,住友,45.0
2015,6,久保田,108.0
2015,6,约翰迪尔,10.0
2015,6,洋马,41.0
2015,6,卡特彼勒,458.0
2015,6,沃尔沃,96.0
2015,6,利勃海尔,5.0
2015,6,玉柴,130.0
2015,6,中联,86.0
2015,6,三一,672.0
2015,6,徐挖,381.0
2015,6,柳工,253.0
2015,6,山东临工,199.0
2015,6,福田雷沃,126.0
2015,6,山河智能,149.0
2015,6,厦工,68.0
2015,6,山重,77.0
2015,6,力士德,87.0
2015,6,卡特重工,40.0
2015,6,彭浦,4.0
2015,6,开元,9.0
2015,6,京城,17.0
2015,6,詹阳,14.0
2016,6,斗山,233.0
2016,6,现代江苏,75.0
2016,6,小松,286.0
2016,6,日立,262.0
2016,6,神钢,267.0
2016,6,住友,67.0
2016,6,久保田,70.0
2016,6,约翰迪尔,14.0
2016,6,洋马,58.0
2016,6,卡特彼勒,661.0
2016,6,沃尔沃,122.0
2016,6,利勃海尔,26.0
2016,6,玉柴,98.0
2016,6,中联,56.0
2016,6,三一,782.0
2016,6,徐挖,248.0
2016,6,柳工,348.0
2016,6,山东临工,133.0
2016,6,福田雷沃,100.0
2016,6,山河智能,273.0
2016,6,厦工,87.0
2016,6,山重,42.0
2016,6,力士德,69.0
2016,6,卡特重工,42.0
2016,6,彭浦,16.0
2016,6,开元,5.0
2016,6,京城,18.0
2016,6,詹阳,9.0
2017,6,斗山,766.0
2017,6,现代江苏,261.0
2017,6,小松,691.0
2017,6,日立,534.0
2017,6,神钢,259.0
2017,6,住友,107.0
2017,6,久保田,270.0
2017,6,约翰迪尔,28.0
2017,6,洋马,59.0
2017,6,卡特彼勒,1185.0
2017,6,沃尔沃,298.0
2017,6,利勃海尔,22.0
2017,6,玉柴,106.0
2017,6,中联,112.0
2017,6,三一,1716.0
2017,6,徐挖,874.0
2017,6,柳工,488.0
2017,6,山东临工,446.0
2017,6,福田雷沃,238.0
2017,6,山河智能,217.0
2017,6,厦工,101.0
2017,6,山重,70.0
2017,6,力士德,101.0
2017,6,卡特重工,74.0
2017,6,彭浦,0.0
2017,6,开元,3.0
2017,6,京城,36.0
2017,6,詹阳,19.0
2018,6,斗山,1381.0
2018,6,现代江苏,401.0
2018,6,小松,818.0
2018,6,日立,552.0
2018,6,神钢,356.0
2018,6,住友,134.0
2018,6,久保田,214.0
2018,6,约翰迪尔,109.0
2018,6,洋马,94.0
2018,6,卡特彼勒,2046.0
2018,6,沃尔沃,352.0
2018,6,利勃海尔,24.0
2018,6,玉柴,117.0
2018,6,中联,191.0
2018,6,三一,3155.0
2018,6,徐挖,1589.0
2018,6,柳工,1037.0
2018,6,山东临工,860.0
2018,6,福田雷沃,327.0
2018,6,山河智能,327.0
2018,6,厦工,35.0
2018,6,山重,138.0
2018,6,力士德,74.0
2018,6,卡特重工,38.0
2018,6,彭浦,30.0
2018,6,开元,71.0
2018,6,京城,307.0
2018,6,詹阳,10.0
2009,7,斗山,968.0
2009,7,现代江苏,411.0
2009,7,小松,915.0
2009,7,日立,733.0
2009,7,神钢,424.0
2009,7,住友,134.0
2009,7,久保田,87.0
2009,7,约翰迪尔,22.0
2009,7,洋马,19.0
2009,7,卡特彼勒,384.0
2009,7,沃尔沃,237.0
2009,7,利勃海尔,28.0
2009,7,玉柴,162.0
2009,7,中联,40.0
2009,7,三一,308.0
2009,7,徐挖,55.0
2009,7,柳工,183.0
2009,7,山东临工,175.0
2009,7,福田雷沃,170.0
2009,7,山河智能,186.0
2009,7,厦工,68.0
2009,7,山重,43.0
2009,7,力士德,37.0
2009,7,卡特重工,30.0
2009,7,彭浦,16.0
2009,7,开元,37.0
2009,7,京城,161.0
2009,7,詹阳,12.0
2010,7,斗山,982.0
2010,7,现代江苏,793.0
2010,7,小松,1062.0
2010,7,日立,865.0
2010,7,神钢,428.0
2010,7,住友,206.0
2010,7,久保田,134.0
2010,7,约翰迪尔,342.0
2010,7,洋马,14.0
2010,7,卡特彼勒,543.0
2010,7,沃尔沃,191.0
2010,7,利勃海尔,48.0
2010,7,玉柴,303.0
2010,7,中联,61.0
2010,7,三一,734.0
2010,7,徐挖,50.0
2010,7,柳工,370.0
2010,7,山东临工,242.0
2010,7,福田雷沃,261.0
2010,7,山河智能,276.0
2010,7,厦工,158.0
2010,7,山重,177.0
2010,7,力士德,151.0
2010,7,卡特重工,76.0
2010,7,彭浦,28.0
2010,7,开元,68.0
2010,7,京城,269.0
2010,7,詹阳,18.0
2011,7,斗山,406.0
2011,7,现代江苏,816.0
2011,7,小松,611.0
2011,7,日立,515.0
2011,7,神钢,175.0
2011,7,住友,144.0
2011,7,久保田,114.0
2011,7,约翰迪尔,556.0
2011,7,洋马,0.0
2011,7,卡特彼勒,424.0
2011,7,沃尔沃,15.0
2011,7,利勃海尔,46.0
2011,7,玉柴,305.0
2011,7,中联,104.0
2011,7,三一,850.0
2011,7,徐挖,14.0
2011,7,柳工,392.0
2011,7,山东临工,185.0
2011,7,福田雷沃,223.0
2011,7,山河智能,228.0
2011,7,厦工,182.0
2011,7,山重,247.0
2011,7,力士德,210.0
2011,7,卡特重工,91.0
2011,7,彭浦,27.0
2011,7,开元,69.0
2011,7,京城,248.0
2011,7,詹阳,15.0
2012,7,斗山,503.0
2012,7,现代江苏,211.0
2012,7,小松,415.0
2012,7,日立,354.0
2012,7,神钢,301.0
2012,7,住友,86.0
2012,7,久保田,84.0
2012,7,约翰迪尔,426.0
2012,7,洋马,16.0
2012,7,卡特彼勒,511.0
2012,7,沃尔沃,340.0
2012,7,利勃海尔,56.0
2012,7,玉柴,305.0
2012,7,中联,120.0
2012,7,三一,832.0
2012,7,徐挖,0.0
2012,7,柳工,268.0
2012,7,山东临工,185.0
2012,7,福田雷沃,227.0
2012,7,山河智能,186.0
2012,7,厦工,197.0
2012,7,山重,183.0
2012,7,力士德,185.0
2012,7,卡特重工,56.0
2012,7,彭浦,4.0
2012,7,开元,28.0
2012,7,京城,184.0
2012,7,詹阳,28.0
2013,7,斗山,493.0
2013,7,现代江苏,180.0
2013,7,小松,540.0
2013,7,日立,484.0
2013,7,神钢,468.0
2013,7,住友,150.0
2013,7,久保田,88.0
2013,7,约翰迪尔,235.0
2013,7,洋马,22.0
2013,7,卡特彼勒,582.0
2013,7,沃尔沃,407.0
2013,7,利勃海尔,71.0
2013,7,玉柴,212.0
2013,7,中联,56.0
2013,7,三一,818.0
2013,7,徐挖,15.0
2013,7,柳工,291.0
2013,7,山东临工,187.0
2013,7,福田雷沃,178.0
2013,7,山河智能,216.0
2013,7,厦工,180.0
2013,7,山重,237.0
2013,7,力士德,116.0
2013,7,卡特重工,32.0
2013,7,彭浦,3.0
2013,7,开元,36.0
2013,7,京城,170.0
2013,7,詹阳,48.0
2014,7,斗山,270.0
2014,7,现代江苏,101.0
2014,7,小松,439.0
2014,7,日立,384.0
2014,7,神钢,291.0
2014,7,住友,101.0
2014,7,久保田,92.0
2014,7,约翰迪尔,8.0
2014,7,洋马,13.0
2014,7,卡特彼勒,529.0
2014,7,沃尔沃,215.0
2014,7,利勃海尔,31.0
2014,7,玉柴,155.0
2014,7,中联,17.0
2014,7,三一,727.0
2014,7,徐挖,171.0
2014,7,柳工,228.0
2014,7,山东临工,178.0
2014,7,福田雷沃,161.0
2014,7,山河智能,147.0
2014,7,厦工,92.0
2014,7,山重,131.0
2014,7,力士德,110.0
2014,7,卡特重工,33.0
2014,7,彭浦,8.0
2014,7,开元,42.0
2014,7,京城,79.0
2014,7,詹阳,15.0
2015,7,斗山,165.0
2015,7,现代江苏,36.0
2015,7,小松,206.0
2015,7,日立,233.0
2015,7,神钢,163.0
2015,7,住友,34.0
2015,7,久保田,91.0
2015,7,约翰迪尔,5.0
2015,7,洋马,18.0
2015,7,卡特彼勒,417.0
2015,7,沃尔沃,68.0
2015,7,利勃海尔,14.0
2015,7,玉柴,82.0
2015,7,中联,43.0
2015,7,三一,626.0
2015,7,徐挖,233.0
2015,7,柳工,170.0
2015,7,山东临工,100.0
2015,7,福田雷沃,101.0
2015,7,山河智能,140.0
2015,7,厦工,68.0
2015,7,山重,53.0
2015,7,力士德,73.0
2015,7,卡特重工,15.0
2015,7,彭浦,13.0
2015,7,开元,4.0
2015,7,京城,30.0
2015,7,詹阳,17.0
2016,7,斗山,230.0
2016,7,现代江苏,55.0
2016,7,小松,243.0
2016,7,日立,220.0
2016,7,神钢,166.0
2016,7,住友,54.0
2016,7,久保田,50.0
2016,7,约翰迪尔,16.0
2016,7,洋马,30.0
2016,7,卡特彼勒,587.0
2016,7,沃尔沃,109.0
2016,7,利勃海尔,27.0
2016,7,玉柴,87.0
2016,7,中联,18.0
2016,7,三一,706.0
2016,7,徐挖,226.0
2016,7,柳工,208.0
2016,7,山东临工,133.0
2016,7,福田雷沃,86.0
2016,7,山河智能,171.0
2016,7,厦工,80.0
2016,7,山重,40.0
2016,7,力士德,67.0
2016,7,卡特重工,28.0
2016,7,彭浦,12.0
2016,7,开元,4.0
2016,7,京城,33.0
2016,7,詹阳,11.0
2017,7,斗山,514.0
2017,7,现代江苏,206.0
2017,7,小松,429.0
2017,7,日立,427.0
2017,7,神钢,284.0
2017,7,住友,117.0
2017,7,久保田,189.0
2017,7,约翰迪尔,32.0
2017,7,洋马,64.0
2017,7,卡特彼勒,1062.0
2017,7,沃尔沃,239.0
2017,7,利勃海尔,23.0
2017,7,玉柴,109.0
2017,7,中联,37.0
2017,7,三一,1726.0
2017,7,徐挖,750.0
2017,7,柳工,481.0
2017,7,山东临工,329.0
2017,7,福田雷沃,200.0
2017,7,山河智能,189.0
2017,7,厦工,79.0
2017,7,山重,72.0
2017,7,力士德,61.0
2017,7,卡特重工,68.0
2017,7,彭浦,0.0
2017,7,开元,0.0
2017,7,京城,68.0
2017,7,詹阳,6.0
2018,7,斗山,616.0
2018,7,现代江苏,323.0
2018,7,小松,432.0
2018,7,日立,425.0
2018,7,神钢,288.0
2018,7,住友,148.0
2018,7,久保田,163.0
2018,7,约翰迪尔,125.0
2018,7,洋马,76.0
2018,7,卡特彼勒,1728.0
2018,7,沃尔沃,353.0
2018,7,利勃海尔,41.0
2018,7,玉柴,112.0
2018,7,中联,78.0
2018,7,三一,2795.0
2018,7,徐挖,1151.0
2018,7,柳工,835.0
2018,7,山东临工,665.0
2018,7,福田雷沃,271.0
2018,7,山河智能,334.0
2018,7,厦工,24.0
2018,7,山重,101.0
2018,7,力士德,63.0
2018,7,卡特重工,42.0
2018,7,彭浦,21.0
2018,7,开元,65.0
2018,7,京城,292.0
2018,7,詹阳,12.0
2009,8,斗山,956.0
2009,8,现代江苏,439.0
2009,8,小松,971.0
2009,8,日立,814.0
2009,8,神钢,489.0
2009,8,住友,119.0
2009,8,久保田,157.0
2009,8,约翰迪尔,15.0
2009,8,洋马,22.0
2009,8,卡特彼勒,438.0
2009,8,沃尔沃,274.0
2009,8,利勃海尔,19.0
2009,8,玉柴,172.0
2009,8,中联,77.0
2009,8,三一,390.0
2009,8,徐挖,28.0
2009,8,柳工,222.0
2009,8,山东临工,167.0
2009,8,福田雷沃,182.0
2009,8,山河智能,196.0
2009,8,厦工,67.0
2009,8,山重,36.0
2009,8,力士德,49.0
2009,8,卡特重工,42.0
2009,8,彭浦,34.0
2009,8,开元,43.0
2009,8,京城,158.0
2009,8,詹阳,16.0
2010,8,斗山,929.0
2010,8,现代江苏,726.0
2010,8,小松,1047.0
2010,8,日立,858.0
2010,8,神钢,429.0
2010,8,住友,168.0
2010,8,久保田,221.0
2010,8,约翰迪尔,306.0
2010,8,洋马,15.0
2010,8,卡特彼勒,561.0
2010,8,沃尔沃,214.0
2010,8,利勃海尔,29.0
2010,8,玉柴,333.0
2010,8,中联,108.0
2010,8,三一,741.0
2010,8,徐挖,24.0
2010,8,柳工,395.0
2010,8,山东临工,209.0
2010,8,福田雷沃,258.0
2010,8,山河智能,288.0
2010,8,厦工,182.0
2010,8,山重,184.0
2010,8,力士德,157.0
2010,8,卡特重工,68.0
2010,8,彭浦,51.0
2010,8,开元,71.0
2010,8,京城,258.0
2010,8,詹阳,22.0
2011,8,斗山,453.0
2011,8,现代江苏,740.0
2011,8,小松,644.0
2011,8,日立,505.0
2011,8,神钢,149.0
2011,8,住友,129.0
2011,8,久保田,196.0
2011,8,约翰迪尔,527.0
2011,8,洋马,0.0
2011,8,卡特彼勒,448.0
2011,8,沃尔沃,37.0
2011,8,利勃海尔,29.0
2011,8,玉柴,377.0
2011,8,中联,234.0
2011,8,三一,829.0
2011,8,徐挖,8.0
2011,8,柳工,425.0
2011,8,山东临工,162.0
2011,8,福田雷沃,231.0
2011,8,山河智能,266.0
2011,8,厦工,241.0
2011,8,山重,282.0
2011,8,力士德,218.0
2011,8,卡特重工,69.0
2011,8,彭浦,49.0
2011,8,开元,73.0
2011,8,京城,261.0
2011,8,詹阳,19.0
2012,8,斗山,383.0
2012,8,现代江苏,188.0
2012,8,小松,390.0
2012,8,日立,295.0
2012,8,神钢,446.0
2012,8,住友,77.0
2012,8,久保田,132.0
2012,8,约翰迪尔,188.0
2012,8,洋马,16.0
2012,8,卡特彼勒,519.0
2012,8,沃尔沃,306.0
2012,8,利勃海尔,23.0
2012,8,玉柴,315.0
2012,8,中联,260.0
2012,8,三一,552.0
2012,8,徐挖,0.0
2012,8,柳工,279.0
2012,8,山东临工,171.0
2012,8,福田雷沃,236.0
2012,8,山河智能,210.0
2012,8,厦工,123.0
2012,8,山重,183.0
2012,8,力士德,156.0
2012,8,卡特重工,62.0
2012,8,彭浦,3.0
2012,8,开元,67.0
2012,8,京城,158.0
2012,8,詹阳,22.0
2013,8,斗山,436.0
2013,8,现代江苏,191.0
2013,8,小松,546.0
2013,8,日立,500.0
2013,8,神钢,446.0
2013,8,住友,78.0
2013,8,久保田,146.0
2013,8,约翰迪尔,10.0
2013,8,洋马,22.0
2013,8,卡特彼勒,488.0
2013,8,沃尔沃,377.0
2013,8,利勃海尔,19.0
2013,8,玉柴,188.0
2013,8,中联,43.0
2013,8,三一,802.0
2013,8,徐挖,30.0
2013,8,柳工,338.0
2013,8,山东临工,212.0
2013,8,福田雷沃,185.0
2013,8,山河智能,216.0
2013,8,厦工,196.0
2013,8,山重,226.0
2013,8,力士德,167.0
2013,8,卡特重工,30.0
2013,8,彭浦,17.0
2013,8,开元,41.0
2013,8,京城,172.0
2013,8,詹阳,36.0
2014,8,斗山,216.0
2014,8,现代江苏,82.0
2014,8,小松,410.0
2014,8,日立,341.0
2014,8,神钢,356.0
2014,8,住友,83.0
2014,8,久保田,134.0
2014,8,约翰迪尔,3.0
2014,8,洋马,18.0
2014,8,卡特彼勒,560.0
2014,8,沃尔沃,191.0
2014,8,利勃海尔,25.0
2014,8,玉柴,122.0
2014,8,中联,112.0
2014,8,三一,748.0
2014,8,徐挖,200.0
2014,8,柳工,180.0
2014,8,山东临工,136.0
2014,8,福田雷沃,153.0
2014,8,山河智能,151.0
2014,8,厦工,68.0
2014,8,山重,143.0
2014,8,力士德,101.0
2014,8,卡特重工,30.0
2014,8,彭浦,11.0
2014,8,开元,40.0
2014,8,京城,51.0
2014,8,詹阳,14.0
2015,8,斗山,163.0
2015,8,现代江苏,23.0
2015,8,小松,207.0
2015,8,日立,185.0
2015,8,神钢,141.0
2015,8,住友,36.0
2015,8,久保田,123.0
2015,8,约翰迪尔,7.0
2015,8,洋马,23.0
2015,8,卡特彼勒,367.0
2015,8,沃尔沃,65.0
2015,8,利勃海尔,23.0
2015,8,玉柴,71.0
2015,8,中联,32.0
2015,8,三一,561.0
2015,8,徐挖,255.0
2015,8,柳工,133.0
2015,8,山东临工,105.0
2015,8,福田雷沃,93.0
2015,8,山河智能,94.0
2015,8,厦工,77.0
2015,8,山重,54.0
2015,8,力士德,69.0
2015,8,卡特重工,30.0
2015,8,彭浦,16.0
2015,8,开元,4.0
2015,8,京城,30.0
2015,8,詹阳,32.0
2016,8,斗山,261.0
2016,8,现代江苏,78.0
2016,8,小松,332.0
2016,8,日立,248.0
2016,8,神钢,181.0
2016,8,住友,52.0
2016,8,久保田,218.0
2016,8,约翰迪尔,15.0
2016,8,洋马,40.0
2016,8,卡特彼勒,651.0
2016,8,沃尔沃,127.0
2016,8,利勃海尔,31.0
2016,8,玉柴,78.0
2016,8,中联,46.0
2016,8,三一,872.0
2016,8,徐挖,334.0
2016,8,柳工,180.0
2016,8,山东临工,132.0
2016,8,福田雷沃,100.0
2016,8,山河智能,150.0
2016,8,厦工,91.0
2016,8,山重,51.0
2016,8,力士德,65.0
2016,8,卡特重工,39.0
2016,8,彭浦,26.0
2016,8,开元,3.0
2016,8,京城,43.0
2016,8,詹阳,15.0
2017,8,斗山,554.0
2017,8,现代江苏,297.0
2017,8,小松,586.0
2017,8,日立,477.0
2017,8,神钢,303.0
2017,8,住友,102.0
2017,8,久保田,217.0
2017,8,约翰迪尔,33.0
2017,8,洋马,63.0
2017,8,卡特彼勒,1154.0
2017,8,沃尔沃,281.0
2017,8,利勃海尔,29.0
2017,8,玉柴,102.0
2017,8,中联,91.0
2017,8,三一,2059.0
2017,8,徐挖,821.0
2017,8,柳工,557.0
2017,8,山东临工,388.0
2017,8,福田雷沃,214.0
2017,8,山河智能,201.0
2017,8,厦工,79.0
2017,8,山重,69.0
2017,8,力士德,47.0
2017,8,卡特重工,64.0
2017,8,彭浦,0.0
2017,8,开元,0.0
2017,8,京城,85.0
2017,8,詹阳,17.0
2018,8,斗山,683.0
2018,8,现代江苏,385.0
2018,8,小松,528.0
2018,8,日立,442.0
2018,8,神钢,278.0
2018,8,住友,111.0
2018,8,久保田,167.0
2018,8,约翰迪尔,105.0
2018,8,洋马,88.0
2018,8,卡特彼勒,1648.0
2018,8,沃尔沃,373.0
2018,8,利勃海尔,42.0
2018,8,玉柴,110.0
2018,8,中联,205.0
2018,8,三一,2815.0
2018,8,徐挖,1394.0
2018,8,柳工,810.0
2018,8,山东临工,728.0
2018,8,福田雷沃,328.0
2018,8,山河智能,305.0
2018,8,厦工,27.0
2018,8,山重,101.0
2018,8,力士德,68.0
2018,8,卡特重工,41.0
2018,8,彭浦,38.0
2018,8,开元,92.0
2018,8,京城,356.0
2018,8,詹阳,11.0
2009,9,斗山,1169.0
2009,9,现代江苏,464.0
2009,9,小松,1180.0
2009,9,日立,909.0
2009,9,神钢,616.0
2009,9,住友,140.0
2009,9,久保田,221.0
2009,9,约翰迪尔,18.0
2009,9,洋马,30.0
2009,9,卡特彼勒,494.0
2009,9,沃尔沃,290.0
2009,9,利勃海尔,23.0
2009,9,玉柴,525.0
2009,9,中联,66.0
2009,9,三一,514.0
2009,9,徐挖,54.0
2009,9,柳工,266.0
2009,9,山东临工,231.0
2009,9,福田雷沃,261.0
2009,9,山河智能,285.0
2009,9,厦工,61.0
2009,9,山重,79.0
2009,9,力士德,73.0
2009,9,卡特重工,30.0
2009,9,彭浦,34.0
2009,9,开元,85.0
2009,9,京城,201.0
2009,9,詹阳,20.0
2010,9,斗山,1143.0
2010,9,现代江苏,838.0
2010,9,小松,1274.0
2010,9,日立,1026.0
2010,9,神钢,535.0
2010,9,住友,205.0
2010,9,久保田,324.0
2010,9,约翰迪尔,466.0
2010,9,洋马,22.0
2010,9,卡特彼勒,663.0
2010,9,沃尔沃,237.0
2010,9,利勃海尔,40.0
2010,9,玉柴,685.0
2010,9,中联,97.0
2010,9,三一,1117.0
2010,9,徐挖,41.0
2010,9,柳工,507.0
2010,9,山东临工,313.0
2010,9,福田雷沃,390.0
2010,9,山河智能,375.0
2010,9,厦工,212.0
2010,9,山重,249.0
2010,9,力士德,185.0
2010,9,卡特重工,89.0
2010,9,彭浦,49.0
2010,9,开元,113.0
2010,9,京城,338.0
2010,9,詹阳,29.0
2011,9,斗山,433.0
2011,9,现代江苏,757.0
2011,9,小松,620.0
2011,9,日立,545.0
2011,9,神钢,126.0
2011,9,住友,124.0
2011,9,久保田,246.0
2011,9,约翰迪尔,690.0
2011,9,洋马,0.0
2011,9,卡特彼勒,457.0
2011,9,沃尔沃,37.0
2011,9,利勃海尔,36.0
2011,9,玉柴,456.0
2011,9,中联,241.0
2011,9,三一,1126.0
2011,9,徐挖,2.0
2011,9,柳工,475.0
2011,9,山东临工,219.0
2011,9,福田雷沃,302.0
2011,9,山河智能,252.0
2011,9,厦工,255.0
2011,9,山重,291.0
2011,9,力士德,201.0
2011,9,卡特重工,103.0
2011,9,彭浦,37.0
2011,9,开元,78.0
2011,9,京城,291.0
2011,9,詹阳,22.0
2012,9,斗山,389.0
2012,9,现代江苏,180.0
2012,9,小松,361.0
2012,9,日立,388.0
2012,9,神钢,355.0
2012,9,住友,62.0
2012,9,久保田,162.0
2012,9,约翰迪尔,234.0
2012,9,洋马,22.0
2012,9,卡特彼勒,468.0
2012,9,沃尔沃,314.0
2012,9,利勃海尔,23.0
2012,9,玉柴,292.0
2012,9,中联,273.0
2012,9,三一,624.0
2012,9,徐挖,0.0
2012,9,柳工,366.0
2012,9,山东临工,200.0
2012,9,福田雷沃,259.0
2012,9,山河智能,135.0
2012,9,厦工,202.0
2012,9,山重,312.0
2012,9,力士德,196.0
2012,9,卡特重工,86.0
2012,9,彭浦,3.0
2012,9,开元,79.0
2012,9,京城,188.0
2012,9,詹阳,35.0
2013,9,斗山,482.0
2013,9,现代江苏,227.0
2013,9,小松,588.0
2013,9,日立,469.0
2013,9,神钢,505.0
2013,9,住友,106.0
2013,9,久保田,186.0
2013,9,约翰迪尔,11.0
2013,9,洋马,25.0
2013,9,卡特彼勒,644.0
2013,9,沃尔沃,395.0
2013,9,利勃海尔,31.0
2013,9,玉柴,164.0
2013,9,中联,70.0
2013,9,三一,1046.0
2013,9,徐挖,8.0
2013,9,柳工,224.0
2013,9,山东临工,213.0
2013,9,福田雷沃,190.0
2013,9,山河智能,199.0
2013,9,厦工,185.0
2013,9,山重,296.0
2013,9,力士德,133.0
2013,9,卡特重工,31.0
2013,9,彭浦,14.0
2013,9,开元,46.0
2013,9,京城,234.0
2013,9,詹阳,65.0
2014,9,斗山,259.0
2014,9,现代江苏,71.0
2014,9,小松,424.0
2014,9,日立,370.0
2014,9,神钢,373.0
2014,9,住友,62.0
2014,9,久保田,149.0
2014,9,约翰迪尔,8.0
2014,9,洋马,19.0
2014,9,卡特彼勒,603.0
2014,9,沃尔沃,135.0
2014,9,利勃海尔,58.0
2014,9,玉柴,129.0
2014,9,中联,54.0
2014,9,三一,728.0
2014,9,徐挖,191.0
2014,9,柳工,164.0
2014,9,山东临工,155.0
2014,9,福田雷沃,131.0
2014,9,山河智能,185.0
2014,9,厦工,72.0
2014,9,山重,126.0
2014,9,力士德,96.0
2014,9,卡特重工,40.0
2014,9,彭浦,0.0
2014,9,开元,45.0
2014,9,京城,75.0
2014,9,詹阳,20.0
2015,9,斗山,198.0
2015,9,现代江苏,24.0
2015,9,小松,189.0
2015,9,日立,207.0
2015,9,神钢,207.0
2015,9,住友,22.0
2015,9,久保田,105.0
2015,9,约翰迪尔,7.0
2015,9,洋马,31.0
2015,9,卡特彼勒,414.0
2015,9,沃尔沃,89.0
2015,9,利勃海尔,59.0
2015,9,玉柴,80.0
2015,9,中联,33.0
2015,9,三一,558.0
2015,9,徐挖,264.0
2015,9,柳工,144.0
2015,9,山东临工,88.0
2015,9,福田雷沃,85.0
2015,9,山河智能,107.0
2015,9,厦工,84.0
2015,9,山重,57.0
2015,9,力士德,81.0
2015,9,卡特重工,8.0
2015,9,彭浦,2.0
2015,9,开元,4.0
2015,9,京城,15.0
2015,9,詹阳,15.0
2016,9,斗山,343.0
2016,9,现代江苏,127.0
2016,9,小松,373.0
2016,9,日立,326.0
2016,9,神钢,266.0
2016,9,住友,70.0
2016,9,久保田,227.0
2016,9,约翰迪尔,17.0
2016,9,洋马,51.0
2016,9,卡特彼勒,738.0
2016,9,沃尔沃,164.0
2016,9,利勃海尔,42.0
2016,9,玉柴,119.0
2016,9,中联,56.0
2016,9,三一,1112.0
2016,9,徐挖,412.0
2016,9,柳工,270.0
2016,9,山东临工,244.0
2016,9,福田雷沃,138.0
2016,9,山河智能,148.0
2016,9,厦工,80.0
2016,9,山重,78.0
2016,9,力士德,41.0
2016,9,卡特重工,49.0
2016,9,彭浦,9.0
2016,9,开元,2.0
2016,9,京城,25.0
2016,9,詹阳,12.0
2017,9,斗山,718.0
2017,9,现代江苏,313.0
2017,9,小松,613.0
2017,9,日立,487.0
2017,9,神钢,368.0
2017,9,住友,120.0
2017,9,久保田,271.0
2017,9,约翰迪尔,49.0
2017,9,洋马,91.0
2017,9,卡特彼勒,1319.0
2017,9,沃尔沃,416.0
2017,9,利勃海尔,49.0
2017,9,玉柴,124.0
2017,9,中联,107.0
2017,9,三一,2402.0
2017,9,徐挖,1188.0
2017,9,柳工,644.0
2017,9,山东临工,463.0
2017,9,福田雷沃,243.0
2017,9,山河智能,221.0
2017,9,厦工,84.0
2017,9,山重,74.0
2017,9,力士德,36.0
2017,9,卡特重工,76.0
2017,9,彭浦,0.0
2017,9,开元,0.0
2017,9,京城,48.0
2017,9,詹阳,126.0
2018,9,斗山,860.0
2018,9,现代江苏,477.0
2018,9,小松,624.0
2018,9,日立,578.0
2018,9,神钢,365.0
2018,9,住友,128.0
2018,9,久保田,242.0
2018,9,约翰迪尔,89.0
2018,9,洋马,82.0
2018,9,卡特彼勒,1647.0
2018,9,沃尔沃,471.0
2018,9,利勃海尔,25.0
2018,9,玉柴,154.0
2018,9,中联,103.0
2018,9,三一,3529.0
2018,9,徐挖,1500.0
2018,9,柳工,814.0
2018,9,山东临工,749.0
2018,9,福田雷沃,353.0
2018,9,山河智能,448.0
2018,9,厦工,18.0
2018,9,山重,132.0
2018,9,力士德,55.0
2018,9,卡特重工,49.0
2018,9,彭浦,13.0
2018,9,开元,68.0
2018,9,京城,278.0
2018,9,詹阳,19.0
2009,10,斗山,1375.0
2009,10,现代江苏,541.0
2009,10,小松,1380.0
2009,10,日立,1021.0
2009,10,神钢,640.0
2009,10,住友,146.0
2009,10,久保田,214.0
2009,10,约翰迪尔,30.0
2009,10,洋马,40.0
2009,10,卡特彼勒,460.0
2009,10,沃尔沃,330.0
2009,10,利勃海尔,19.0
2009,10,玉柴,446.0
2009,10,中联,43.0
2009,10,三一,782.0
2009,10,徐挖,24.0
2009,10,柳工,243.0
2009,10,山东临工,262.0
2009,10,福田雷沃,310.0
2009,10,山河智能,231.0
2009,10,厦工,64.0
2009,10,山重,81.0
2009,10,力士德,64.0
2009,10,卡特重工,56.0
2009,10,彭浦,42.0
2009,10,开元,99.0
2009,10,京城,211.0
2009,10,詹阳,15.0
2010,10,斗山,1295.0
2010,10,现代江苏,929.0
2010,10,小松,1411.0
2010,10,日立,1137.0
2010,10,神钢,559.0
2010,10,住友,205.0
2010,10,久保田,301.0
2010,10,约翰迪尔,426.0
2010,10,洋马,28.0
2010,10,卡特彼勒,666.0
2010,10,沃尔沃,290.0
2010,10,利勃海尔,25.0
2010,10,玉柴,744.0
2010,10,中联,60.0
2010,10,三一,1320.0
2010,10,徐挖,18.0
2010,10,柳工,450.0
2010,10,山东临工,370.0
2010,10,福田雷沃,431.0
2010,10,山河智能,317.0
2010,10,厦工,145.0
2010,10,山重,237.0
2010,10,力士德,195.0
2010,10,卡特重工,114.0
2010,10,彭浦,52.0
2010,10,开元,128.0
2010,10,京城,334.0
2010,10,詹阳,21.0
2011,10,斗山,471.0
2011,10,现代江苏,792.0
2011,10,小松,633.0
2011,10,日立,604.0
2011,10,神钢,156.0
2011,10,住友,115.0
2011,10,久保田,217.0
2011,10,约翰迪尔,586.0
2011,10,洋马,0.0
2011,10,卡特彼勒,494.0
2011,10,沃尔沃,83.0
2011,10,利勃海尔,18.0
2011,10,玉柴,622.0
2011,10,中联,166.0
2011,10,三一,1112.0
2011,10,徐挖,3.0
2011,10,柳工,404.0
2011,10,山东临工,268.0
2011,10,福田雷沃,308.0
2011,10,山河智能,223.0
2011,10,厦工,145.0
2011,10,山重,261.0
2011,10,力士德,217.0
2011,10,卡特重工,108.0
2011,10,彭浦,33.0
2011,10,开元,85.0
2011,10,京城,268.0
2011,10,詹阳,15.0
2012,10,斗山,407.0
2012,10,现代江苏,188.0
2012,10,小松,393.0
2012,10,日立,427.0
2012,10,神钢,362.0
2012,10,住友,55.0
2012,10,久保田,158.0
2012,10,约翰迪尔,196.0
2012,10,洋马,28.0
2012,10,卡特彼勒,492.0
2012,10,沃尔沃,308.0
2012,10,利勃海尔,25.0
2012,10,玉柴,287.0
2012,10,中联,192.0
2012,10,三一,627.0
2012,10,徐挖,0.0
2012,10,柳工,266.0
2012,10,山东临工,180.0
2012,10,福田雷沃,277.0
2012,10,山河智能,216.0
2012,10,厦工,223.0
2012,10,山重,365.0
2012,10,力士德,183.0
2012,10,卡特重工,80.0
2012,10,彭浦,16.0
2012,10,开元,81.0
2012,10,京城,196.0
2012,10,詹阳,18.0
2013,10,斗山,513.0
2013,10,现代江苏,224.0
2013,10,小松,687.0
2013,10,日立,547.0
2013,10,神钢,569.0
2013,10,住友,134.0
2013,10,久保田,217.0
2013,10,约翰迪尔,6.0
2013,10,洋马,30.0
2013,10,卡特彼勒,714.0
2013,10,沃尔沃,386.0
2013,10,利勃海尔,16.0
2013,10,玉柴,151.0
2013,10,中联,49.0
2013,10,三一,1043.0
2013,10,徐挖,9.0
2013,10,柳工,418.0
2013,10,山东临工,283.0
2013,10,福田雷沃,215.0
2013,10,山河智能,237.0
2013,10,厦工,165.0
2013,10,山重,292.0
2013,10,力士德,150.0
2013,10,卡特重工,48.0
2013,10,彭浦,13.0
2013,10,开元,42.0
2013,10,京城,216.0
2013,10,詹阳,33.0
2014,10,斗山,316.0
2014,10,现代江苏,74.0
2014,10,小松,399.0
2014,10,日立,324.0
2014,10,神钢,367.0
2014,10,住友,85.0
2014,10,久保田,162.0
2014,10,约翰迪尔,17.0
2014,10,洋马,21.0
2014,10,卡特彼勒,618.0
2014,10,沃尔沃,171.0
2014,10,利勃海尔,17.0
2014,10,玉柴,183.0
2014,10,中联,26.0
2014,10,三一,908.0
2014,10,徐挖,199.0
2014,10,柳工,211.0
2014,10,山东临工,172.0
2014,10,福田雷沃,137.0
2014,10,山河智能,222.0
2014,10,厦工,113.0
2014,10,山重,130.0
2014,10,力士德,108.0
2014,10,卡特重工,33.0
2014,10,彭浦,4.0
2014,10,开元,41.0
2014,10,京城,100.0
2014,10,詹阳,10.0
2015,10,斗山,191.0
2015,10,现代江苏,43.0
2015,10,小松,208.0
2015,10,日立,226.0
2015,10,神钢,223.0
2015,10,住友,45.0
2015,10,久保田,133.0
2015,10,约翰迪尔,20.0
2015,10,洋马,45.0
2015,10,卡特彼勒,465.0
2015,10,沃尔沃,91.0
2015,10,利勃海尔,10.0
2015,10,玉柴,68.0
2015,10,中联,31.0
2015,10,三一,570.0
2015,10,徐挖,268.0
2015,10,柳工,162.0
2015,10,山东临工,91.0
2015,10,福田雷沃,65.0
2015,10,山河智能,113.0
2015,10,厦工,59.0
2015,10,山重,68.0
2015,10,力士德,97.0
2015,10,卡特重工,35.0
2015,10,彭浦,3.0
2015,10,开元,11.0
2015,10,京城,25.0
2015,10,詹阳,22.0
2016,10,斗山,398.0
2016,10,现代江苏,149.0
2016,10,小松,428.0
2016,10,日立,335.0
2016,10,神钢,273.0
2016,10,住友,84.0
2016,10,久保田,180.0
2016,10,约翰迪尔,28.0
2016,10,洋马,49.0
2016,10,卡特彼勒,742.0
2016,10,沃尔沃,157.0
2016,10,利勃海尔,26.0
2016,10,玉柴,112.0
2016,10,中联,53.0
2016,10,三一,1265.0
2016,10,徐挖,505.0
2016,10,柳工,299.0
2016,10,山东临工,218.0
2016,10,福田雷沃,155.0
2016,10,山河智能,146.0
2016,10,厦工,71.0
2016,10,山重,67.0
2016,10,力士德,49.0
2016,10,卡特重工,36.0
2016,10,彭浦,23.0
2016,10,开元,3.0
2016,10,京城,42.0
2016,10,詹阳,18.0
2017,10,斗山,796.0
2017,10,现代江苏,301.0
2017,10,小松,625.0
2017,10,日立,482.0
2017,10,神钢,379.0
2017,10,住友,155.0
2017,10,久保田,305.0
2017,10,约翰迪尔,62.0
2017,10,洋马,50.0
2017,10,卡特彼勒,1298.0
2017,10,沃尔沃,342.0
2017,10,利勃海尔,40.0
2017,10,玉柴,106.0
2017,10,中联,96.0
2017,10,三一,2520.0
2017,10,徐挖,1280.0
2017,10,柳工,631.0
2017,10,山东临工,456.0
2017,10,福田雷沃,251.0
2017,10,山河智能,202.0
2017,10,厦工,83.0
2017,10,山重,89.0
2017,10,力士德,44.0
2017,10,卡特重工,71.0
2017,10,彭浦,0.0
2017,10,开元,0.0
2017,10,京城,76.0
2017,10,詹阳,0.0
2018,10,斗山,1209.0
2018,10,现代江苏,595.0
2018,10,小松,663.0
2018,10,日立,539.0
2018,10,神钢,397.0
2018,10,住友,138.0
2018,10,久保田,287.0
2018,10,约翰迪尔,183.0
2018,10,洋马,123.0
2018,10,卡特彼勒,1857.0
2018,10,沃尔沃,395.0
2018,10,利勃海尔,37.0
2018,10,玉柴,140.0
2018,10,中联,99.0
2018,10,三一,3546.0
2018,10,徐挖,1825.0
2018,10,柳工,1270.0
2018,10,山东临工,1056.0
2018,10,福田雷沃,371.0
2018,10,山河智能,321.0
2018,10,厦工,30.0
2018,10,山重,172.0
2018,10,力士德,55.0
2018,10,卡特重工,54.0
2018,10,彭浦,30.0
2018,10,开元,79.0
2018,10,京城,369.0
2018,10,詹阳,11.0
2009,11,斗山,1416.0
2009,11,现代江苏,551.0
2009,11,小松,1445.0
2009,11,日立,1083.0
2009,11,神钢,764.0
2009,11,住友,163.0
2009,11,久保田,219.0
2009,11,约翰迪尔,25.0
2009,11,洋马,30.0
2009,11,卡特彼勒,504.0
2009,11,沃尔沃,339.0
2009,11,利勃海尔,33.0
2009,11,玉柴,233.0
2009,11,中联,60.0
2009,11,三一,530.0
2009,11,徐挖,19.0
2009,11,柳工,278.0
2009,11,山东临工,249.0
2009,11,福田雷沃,280.0
2009,11,山河智能,197.0
2009,11,厦工,100.0
2009,11,山重,73.0
2009,11,力士德,78.0
2009,11,卡特重工,36.0
2009,11,彭浦,47.0
2009,11,开元,97.0
2009,11,京城,194.0
2009,11,詹阳,21.0
2010,11,斗山,1518.0
2010,11,现代江苏,1101.0
2010,11,小松,1707.0
2010,11,日立,1372.0
2010,11,神钢,721.0
2010,11,住友,267.0
2010,11,久保田,359.0
2010,11,约翰迪尔,477.0
2010,11,洋马,24.0
2010,11,卡特彼勒,812.0
2010,11,沃尔沃,318.0
2010,11,利勃海尔,62.0
2010,11,玉柴,434.0
2010,11,中联,98.0
2010,11,三一,1487.0
2010,11,徐挖,17.0
2010,11,柳工,641.0
2010,11,山东临工,387.0
2010,11,福田雷沃,480.0
2010,11,山河智能,346.0
2010,11,厦工,240.0
2010,11,山重,312.0
2010,11,力士德,240.0
2010,11,卡特重工,116.0
2010,11,彭浦,80.0
2010,11,开元,140.0
2010,11,京城,420.0
2010,11,詹阳,34.0
2011,11,斗山,443.0
2011,11,现代江苏,807.0
2011,11,小松,648.0
2011,11,日立,601.0
2011,11,神钢,118.0
2011,11,住友,135.0
2011,11,久保田,222.0
2011,11,约翰迪尔,568.0
2011,11,洋马,0.0
2011,11,卡特彼勒,495.0
2011,11,沃尔沃,50.0
2011,11,利勃海尔,44.0
2011,11,玉柴,302.0
2011,11,中联,149.0
2011,11,三一,1307.0
2011,11,徐挖,2.0
2011,11,柳工,513.0
2011,11,山东临工,228.0
2011,11,福田雷沃,312.0
2011,11,山河智能,230.0
2011,11,厦工,197.0
2011,11,山重,314.0
2011,11,力士德,219.0
2011,11,卡特重工,108.0
2011,11,彭浦,52.0
2011,11,开元,76.0
2011,11,京城,325.0
2011,11,詹阳,21.0
2012,11,斗山,435.0
2012,11,现代江苏,221.0
2012,11,小松,472.0
2012,11,日立,545.0
2012,11,神钢,357.0
2012,11,住友,79.0
2012,11,久保田,159.0
2012,11,约翰迪尔,215.0
2012,11,洋马,24.0
2012,11,卡特彼勒,459.0
2012,11,沃尔沃,341.0
2012,11,利勃海尔,13.0
2012,11,玉柴,355.0
2012,11,中联,178.0
2012,11,三一,753.0
2012,11,徐挖,0.0
2012,11,柳工,391.0
2012,11,山东临工,215.0
2012,11,福田雷沃,291.0
2012,11,山河智能,215.0
2012,11,厦工,233.0
2012,11,山重,321.0
2012,11,力士德,171.0
2012,11,卡特重工,80.0
2012,11,彭浦,8.0
2012,11,开元,83.0
2012,11,京城,237.0
2012,11,詹阳,48.0
2013,11,斗山,570.0
2013,11,现代江苏,253.0
2013,11,小松,744.0
2013,11,日立,622.0
2013,11,神钢,592.0
2013,11,住友,114.0
2013,11,久保田,183.0
2013,11,约翰迪尔,8.0
2013,11,洋马,21.0
2013,11,卡特彼勒,805.0
2013,11,沃尔沃,476.0
2013,11,利勃海尔,18.0
2013,11,玉柴,162.0
2013,11,中联,47.0
2013,11,三一,1046.0
2013,11,徐挖,3.0
2013,11,柳工,321.0
2013,11,山东临工,331.0
2013,11,福田雷沃,245.0
2013,11,山河智能,266.0
2013,11,厦工,165.0
2013,11,山重,375.0
2013,11,力士德,165.0
2013,11,卡特重工,45.0
2013,11,彭浦,19.0
2013,11,开元,58.0
2013,11,京城,186.0
2013,11,詹阳,97.0
2014,11,斗山,355.0
2014,11,现代江苏,70.0
2014,11,小松,363.0
2014,11,日立,382.0
2014,11,神钢,424.0
2014,11,住友,49.0
2014,11,久保田,195.0
2014,11,约翰迪尔,24.0
2014,11,洋马,22.0
2014,11,卡特彼勒,648.0
2014,11,沃尔沃,154.0
2014,11,利勃海尔,7.0
2014,11,玉柴,133.0
2014,11,中联,69.0
2014,11,三一,882.0
2014,11,徐挖,177.0
2014,11,柳工,347.0
2014,11,山东临工,183.0
2014,11,福田雷沃,115.0
2014,11,山河智能,190.0
2014,11,厦工,134.0
2014,11,山重,131.0
2014,11,力士德,102.0
2014,11,卡特重工,48.0
2014,11,彭浦,3.0
2014,11,开元,30.0
2014,11,京城,85.0
2014,11,詹阳,29.0
2015,11,斗山,191.0
2015,11,现代江苏,56.0
2015,11,小松,289.0
2015,11,日立,240.0
2015,11,神钢,239.0
2015,11,住友,53.0
2015,11,久保田,150.0
2015,11,约翰迪尔,4.0
2015,11,洋马,35.0
2015,11,卡特彼勒,654.0
2015,11,沃尔沃,75.0
2015,11,利勃海尔,8.0
2015,11,玉柴,89.0
2015,11,中联,23.0
2015,11,三一,684.0
2015,11,徐挖,263.0
2015,11,柳工,190.0
2015,11,山东临工,140.0
2015,11,福田雷沃,73.0
2015,11,山河智能,85.0
2015,11,厦工,81.0
2015,11,山重,68.0
2015,11,力士德,98.0
2015,11,卡特重工,4.0
2015,11,彭浦,4.0
2015,11,开元,4.0
2015,11,京城,27.0
2015,11,詹阳,12.0
2016,11,斗山,449.0
2016,11,现代江苏,185.0
2016,11,小松,512.0
2016,11,日立,428.0
2016,11,神钢,319.0
2016,11,住友,96.0
2016,11,久保田,225.0
2016,11,约翰迪尔,13.0
2016,11,洋马,51.0
2016,11,卡特彼勒,961.0
2016,11,沃尔沃,191.0
2016,11,利勃海尔,13.0
2016,11,玉柴,134.0
2016,11,中联,39.0
2016,11,三一,1416.0
2016,11,徐挖,550.0
2016,11,柳工,318.0
2016,11,山东临工,250.0
2016,11,福田雷沃,159.0
2016,11,山河智能,159.0
2016,11,厦工,50.0
2016,11,山重,74.0
2016,11,力士德,46.0
2016,11,卡特重工,50.0
2016,11,彭浦,0.0
2016,11,开元,4.0
2016,11,京城,46.0
2016,11,詹阳,11.0
2017,11,斗山,1165.0
2017,11,现代江苏,454.0
2017,11,小松,926.0
2017,11,日立,765.0
2017,11,神钢,548.0
2017,11,住友,205.0
2017,11,久保田,324.0
2017,11,约翰迪尔,56.0
2017,11,洋马,75.0
2017,11,卡特彼勒,1835.0
2017,11,沃尔沃,485.0
2017,11,利勃海尔,44.0
2017,11,玉柴,106.0
2017,11,中联,80.0
2017,11,三一,3099.0
2017,11,徐挖,1205.0
2017,11,柳工,863.0
2017,11,山东临工,710.0
2017,11,福田雷沃,294.0
2017,11,山河智能,275.0
2017,11,厦工,135.0
2017,11,山重,120.0
2017,11,力士德,28.0
2017,11,卡特重工,81.0
2017,11,彭浦,0.0
2017,11,开元,0.0
2017,11,京城,95.0
2017,11,詹阳,21.0
2018,11,斗山,1149.0
2018,11,现代江苏,388.0
2018,11,小松,847.0
2018,11,日立,478.0
2018,11,神钢,407.0
2018,11,住友,134.0
2018,11,久保田,226.0
2018,11,约翰迪尔,86.0
2018,11,洋马,90.0
2018,11,卡特彼勒,1846.0
2018,11,沃尔沃,500.0
2018,11,利勃海尔,41.0
2018,11,玉柴,104.0
2018,11,中联,130.0
2018,11,三一,3863.0
2018,11,徐挖,1727.0
2018,11,柳工,1388.0
2018,11,山东临工,1311.0
2018,11,福田雷沃,433.0
2018,11,山河智能,510.0
2018,11,厦工,28.0
2018,11,山重,212.0
2018,11,力士德,44.0
2018,11,卡特重工,45.0
2018,11,彭浦,15.0
2018,11,开元,109.0
2018,11,京城,352.0
2018,11,詹阳,20.0
2009,12,斗山,1340.0
2009,12,现代江苏,491.0
2009,12,小松,1320.0
2009,12,日立,1116.0
2009,12,神钢,617.0
2009,12,住友,241.0
2009,12,久保田,189.0
2009,12,约翰迪尔,23.0
2009,12,洋马,36.0
2009,12,卡特彼勒,420.0
2009,12,沃尔沃,313.0
2009,12,利勃海尔,29.0
2009,12,玉柴,271.0
2009,12,中联,50.0
2009,12,三一,642.0
2009,12,徐挖,34.0
2009,12,柳工,352.0
2009,12,山东临工,320.0
2009,12,福田雷沃,209.0
2009,12,山河智能,255.0
2009,12,厦工,349.0
2009,12,山重,84.0
2009,12,力士德,57.0
2009,12,卡特重工,62.0
2009,12,彭浦,59.0
2009,12,开元,89.0
2009,12,京城,232.0
2009,12,詹阳,28.0
2010,12,斗山,1264.0
2010,12,现代江苏,864.0
2010,12,小松,1557.0
2010,12,日立,1204.0
2010,12,神钢,612.0
2010,12,住友,382.0
2010,12,久保田,300.0
2010,12,约翰迪尔,632.0
2010,12,洋马,28.0
2010,12,卡特彼勒,699.0
2010,12,沃尔沃,259.0
2010,12,利勃海尔,45.0
2010,12,玉柴,523.0
2010,12,中联,79.0
2010,12,三一,1841.0
2010,12,徐挖,34.0
2010,12,柳工,671.0
2010,12,山东临工,401.0
2010,12,福田雷沃,399.0
2010,12,山河智能,407.0
2010,12,厦工,399.0
2010,12,山重,398.0
2010,12,力士德,196.0
2010,12,卡特重工,125.0
2010,12,彭浦,73.0
2010,12,开元,195.0
2010,12,京城,386.0
2010,12,詹阳,44.0
2011,12,斗山,246.0
2011,12,现代江苏,581.0
2011,12,小松,624.0
2011,12,日立,390.0
2011,12,神钢,150.0
2011,12,住友,152.0
2011,12,久保田,183.0
2011,12,约翰迪尔,752.0
2011,12,洋马,0.0
2011,12,卡特彼勒,448.0
2011,12,沃尔沃,14.0
2011,12,利勃海尔,28.0
2011,12,玉柴,377.0
2011,12,中联,171.0
2011,12,三一,1631.0
2011,12,徐挖,9.0
2011,12,柳工,480.0
2011,12,山东临工,181.0
2011,12,福田雷沃,286.0
2011,12,山河智能,251.0
2011,12,厦工,150.0
2011,12,山重,406.0
2011,12,力士德,185.0
2011,12,卡特重工,93.0
2011,12,彭浦,33.0
2011,12,开元,153.0
2011,12,京城,248.0
2011,12,詹阳,26.0
2012,12,斗山,376.0
2012,12,现代江苏,196.0
2012,12,小松,444.0
2012,12,日立,527.0
2012,12,神钢,331.0
2012,12,住友,60.0
2012,12,久保田,160.0
2012,12,约翰迪尔,323.0
2012,12,洋马,19.0
2012,12,卡特彼勒,444.0
2012,12,沃尔沃,355.0
2012,12,利勃海尔,30.0
2012,12,玉柴,482.0
2012,12,中联,247.0
2012,12,三一,671.0
2012,12,徐挖,0.0
2012,12,柳工,380.0
2012,12,山东临工,556.0
2012,12,福田雷沃,288.0
2012,12,山河智能,172.0
2012,12,厦工,167.0
2012,12,山重,563.0
2012,12,力士德,160.0
2012,12,卡特重工,82.0
2012,12,彭浦,3.0
2012,12,开元,96.0
2012,12,京城,227.0
2012,12,詹阳,36.0
2013,12,斗山,554.0
2013,12,现代江苏,195.0
2013,12,小松,778.0
2013,12,日立,649.0
2013,12,神钢,602.0
2013,12,住友,146.0
2013,12,久保田,203.0
2013,12,约翰迪尔,23.0
2013,12,洋马,30.0
2013,12,卡特彼勒,832.0
2013,12,沃尔沃,505.0
2013,12,利勃海尔,60.0
2013,12,玉柴,226.0
2013,12,中联,54.0
2013,12,三一,1062.0
2013,12,徐挖,10.0
2013,12,柳工,520.0
2013,12,山东临工,396.0
2013,12,福田雷沃,235.0
2013,12,山河智能,290.0
2013,12,厦工,180.0
2013,12,山重,407.0
2013,12,力士德,123.0
2013,12,卡特重工,64.0
2013,12,彭浦,52.0
2013,12,开元,62.0
2013,12,京城,229.0
2013,12,詹阳,61.0
2014,12,斗山,512.0
2014,12,现代江苏,56.0
2014,12,小松,437.0
2014,12,日立,408.0
2014,12,神钢,452.0
2014,12,住友,75.0
2014,12,久保田,174.0
2014,12,约翰迪尔,10.0
2014,12,洋马,13.0
2014,12,卡特彼勒,682.0
2014,12,沃尔沃,153.0
2014,12,利勃海尔,13.0
2014,12,玉柴,166.0
2014,12,中联,45.0
2014,12,三一,759.0
2014,12,徐挖,171.0
2014,12,柳工,390.0
2014,12,山东临工,156.0
2014,12,福田雷沃,130.0
2014,12,山河智能,249.0
2014,12,厦工,145.0
2014,12,山重,145.0
2014,12,力士德,115.0
2014,12,卡特重工,34.0
2014,12,彭浦,21.0
2014,12,开元,15.0
2014,12,京城,72.0
2014,12,詹阳,30.0
2015,12,斗山,235.0
2015,12,现代江苏,57.0
2015,12,小松,321.0
2015,12,日立,279.0
2015,12,神钢,254.0
2015,12,住友,53.0
2015,12,久保田,194.0
2015,12,约翰迪尔,1.0
2015,12,洋马,41.0
2015,12,卡特彼勒,473.0
2015,12,沃尔沃,83.0
2015,12,利勃海尔,6.0
2015,12,玉柴,74.0
2015,12,中联,20.0
2015,12,三一,710.0
2015,12,徐挖,243.0
2015,12,柳工,141.0
2015,12,山东临工,175.0
2015,12,福田雷沃,68.0
2015,12,山河智能,206.0
2015,12,厦工,52.0
2015,12,山重,56.0
2015,12,力士德,97.0
2015,12,卡特重工,65.0
2015,12,彭浦,5.0
2015,12,开元,3.0
2015,12,京城,18.0
2015,12,詹阳,11.0
2016,12,斗山,385.0
2016,12,现代江苏,102.0
2016,12,小松,535.0
2016,12,日立,482.0
2016,12,神钢,412.0
2016,12,住友,123.0
2016,12,久保田,194.0
2016,12,约翰迪尔,18.0
2016,12,洋马,50.0
2016,12,卡特彼勒,1105.0
2016,12,沃尔沃,167.0
2016,12,利勃海尔,63.0
2016,12,玉柴,115.0
2016,12,中联,35.0
2016,12,三一,1449.0
2016,12,徐挖,556.0
2016,12,柳工,328.0
2016,12,山东临工,230.0
2016,12,福田雷沃,145.0
2016,12,山河智能,198.0
2016,12,厦工,43.0
2016,12,山重,59.0
2016,12,力士德,33.0
2016,12,卡特重工,93.0
2016,12,彭浦,8.0
2016,12,开元,4.0
2016,12,京城,31.0
2016,12,詹阳,13.0
2017,12,斗山,1036.0
2017,12,现代江苏,280.0
2017,12,小松,903.0
2017,12,日立,736.0
2017,12,神钢,672.0
2017,12,住友,200.0
2017,12,久保田,128.0
2017,12,约翰迪尔,60.0
2017,12,洋马,71.0
2017,12,卡特彼勒,1909.0
2017,12,沃尔沃,578.0
2017,12,利勃海尔,41.0
2017,12,玉柴,140.0
2017,12,中联,70.0
2017,12,三一,3207.0
2017,12,徐挖,1213.0
2017,12,柳工,803.0
2017,12,山东临工,957.0
2017,12,福田雷沃,341.0
2017,12,山河智能,375.0
2017,12,厦工,43.0
2017,12,山重,136.0
2017,12,力士德,64.0
2017,12,卡特重工,87.0
2017,12,彭浦,0.0
2017,12,开元,0.0
2017,12,京城,62.0
2017,12,詹阳,25.0
2018,12,斗山,1370.0
2018,12,现代江苏,312.0
2018,12,小松,650.0
2018,12,日立,587.0
2018,12,神钢,363.0
2018,12,住友,174.0
2018,12,久保田,177.0
2018,12,约翰迪尔,97.0
2018,12,洋马,57.0
2018,12,卡特彼勒,1789.0
2018,12,沃尔沃,515.0
2018,12,利勃海尔,58.0
2018,12,玉柴,114.0
2018,12,中联,101.0
2018,12,三一,3899.0
2018,12,徐挖,1884.0
2018,12,柳工,1113.0
2018,12,山东临工,1334.0
2018,12,福田雷沃,492.0
2018,12,山河智能,497.0
2018,12,厦工,33.0
2018,12,山重,360.0
2018,12,力士德,54.0
2018,12,卡特重工,54.0
2018,12,彭浦,39.0
2018,12,开元,116.0
2018,12,京城,425.0
2018,12,詹阳,44.0
